{
    "centers": [
        [
            -0.0006668378482572734,
            -0.08295536041259766,
            0.004841031040996313
        ],
        [
            -0.04916248470544815,
            0.03048931062221527,
            0.006393115036189556
        ],
        [
            0.059329964220523834,
            -0.00957229919731617,
            0.006710348185151815
        ],
        [
            -0.021741114556789398,
            0.05259321257472038,
            0.005677110515534878
        ],
        [
            -0.06214102357625961,
            -0.002581975655630231,
            0.005363339092582464
        ],
        [
            -0.026574838906526566,
            -0.05082186684012413,
            0.006002296227961779
        ],
        [
            0.05452074110507965,
            0.019619904458522797,
            0.006647014990448952
        ],
        [
            0.010067165829241276,
            0.05527082830667496,
            0.007506764959543943
        ],
        [
            -0.00021045452740509063,
            -0.0026397642213851213,
            0.008334747515618801
        ],
        [
            0.0381816141307354,
            0.04611329734325409,
            0.005798688158392906
        ],
        [
            -0.04950335994362831,
            -0.027596505358815193,
            0.007161714602261782
        ],
        [
            0.024124450981616974,
            -0.05404793843626976,
            0.006087897345423698
        ],
        [
            0.045231692492961884,
            -0.035352520644664764,
            0.007239616010338068
        ],
        [
            0.02288047969341278,
            0.023177964612841606,
            0.009070264175534248
        ],
        [
            -0.018567392602562904,
            -0.025858581066131592,
            0.009817947633564472
        ],
        [
            0.015577016398310661,
            -0.029166389256715775,
            0.009533442556858063
        ],
        [
            -0.010748800821602345,
            0.027631472796201706,
            0.009707765653729439
        ],
        [
            -0.0014077939558774233,
            -0.04847077652812004,
            0.009408346377313137
        ],
        [
            0.032806966453790665,
            -0.004324591718614101,
            0.009199460968375206
        ],
        [
            -0.03355814889073372,
            0.002875423524528742,
            0.009247650392353535
        ]
    ],
    "radii": [
        0.020556269213557243,
        0.02032526209950447,
        0.017692018300294876,
        0.02002939023077488,
        0.016928980126976967,
        0.01809610426425934,
        0.018800033256411552,
        0.01945755071938038,
        0.01881035976111889,
        0.017510125413537025,
        0.017887955531477928,
        0.016832662746310234,
        0.017899252474308014,
        0.01954614743590355,
        0.018381061032414436,
        0.018999405205249786,
        0.019986705854535103,
        0.018147312104701996,
        0.019014568999409676,
        0.01994447596371174
    ],
    "masses": [
        0.03638492524623871,
        0.0351719968020916,
        0.023196406662464142,
        0.03365826979279518,
        0.020322680473327637,
        0.024822406470775604,
        0.027833284810185432,
        0.030856957659125328,
        0.027879172936081886,
        0.022488286718726158,
        0.023975668475031853,
        0.01997777260839939,
        0.024021118879318237,
        0.031280387192964554,
        0.026013590395450592,
        0.028728213161230087,
        0.03344354033470154,
        0.025033727288246155,
        0.028797052800655365,
        0.03323199972510338
    ],
    "mesh_path": "/Users/nn/devenv/MorphIt-1/web/examples/ur5/meshes/ur5/collision/base.stl",
    "num_spheres": 20,
    "per_sphere_mass": false,
    "config": {
        "model": {
            "num_spheres": 20,
            "mesh_path": "/Users/nn/devenv/MorphIt-1/web/examples/ur5/meshes/ur5/collision/base.stl",
            "device": "cpu",
            "initial_radius_variation": 0.1,
            "num_inside_samples": 5000,
            "num_surface_samples": 5000,
            "max_spheres": 25,
            "density": 1000.0,
            "per_sphere_mass": false
        },
        "training": {
            "iterations": 200,
            "verbose_frequency": 50,
            "logging_enabled": false,
            "center_lr": 0.002,
            "radius_lr": 0.005,
            "mass_lr": 0.01,
            "grad_clip_norm": 1.0,
            "coverage_weight": 1500.0,
            "overlap_weight": 0.3,
            "boundary_weight": 1.0,
            "surface_weight": 50.0,
            "containment_weight": 10.0,
            "sqem_weight": 3000.0,
            "mass_weight": 0.0,
            "com_weight": 0.0,
            "inertia_weight": 0.0,
            "flatness_weight": 0.0,
            "hausdorff_weight": 0.0,
            "mesh_containment_weight": 10.0,
            "early_stopping": false,
            "convergence_patience": 50,
            "convergence_threshold": 0.001,
            "density_control_enabled": true,
            "density_control_min_interval": 160,
            "density_control_patience": 1,
            "density_control_grad_threshold": 0.0001,
            "density_control_warmup_steps": 10,
            "density_control_cooling_factor": 0.85,
            "density_control_min_radius_fraction": 0.001
        },
        "visualization": {
            "enabled": false,
            "off_screen": true,
            "save_video": false,
            "video_filename": "sphere_filling.mp4",
            "render_interval": 5,
            "sphere_color": "blue",
            "sphere_opacity": 0.3,
            "mesh_color": "white",
            "mesh_line_width": 1.5,
            "mesh_opacity": 0.8,
            "show_sample_points": true,
            "show_surface_points": true,
            "sample_points_subsample": 100000,
            "surface_points_subsample": 100000,
            "sample_point_color": "red",
            "surface_point_color": "green",
            "point_size": 5,
            "camera_position": [
                1.0,
                1.0,
                1.0
            ],
            "camera_focal_point": [
                0.0,
                0.0,
                0.0
            ],
            "camera_view_up": [
                0.0,
                0.0,
                1.0
            ],
            "camera_azimuth": 80,
            "camera_elevation": 120,
            "camera_roll": 120,
            "camera_zoom": 1.5
        },
        "results_dir": "/Users/nn/devenv/MorphIt-1/web/examples/ur5.spheres/spheres",
        "output_filename": "base_link_0.json",
        "random_seed": 0
    }
}