{
    "centers": [
        [
            -0.009066285565495491,
            -0.012236261740326881,
            -0.023377755656838417
        ],
        [
            0.02664813958108425,
            0.036843083798885345,
            0.022616874426603317
        ],
        [
            0.006326441187411547,
            -0.020953206345438957,
            0.023321786895394325
        ],
        [
            -0.02720843069255352,
            0.04226530343294144,
            0.0107084009796381
        ],
        [
            0.02402689680457115,
            -0.006801984738558531,
            -0.037179846316576004
        ],
        [
            -0.017435336485505104,
            0.032273463904857635,
            -0.02750277891755104
        ],
        [
            -0.0012441989965736866,
            0.04151523858308792,
            0.05284372717142105
        ],
        [
            0.018945222720503807,
            0.037235844880342484,
            -0.02997647039592266
        ],
        [
            -0.03621021658182144,
            0.002243762370198965,
            0.03462573513388634
        ],
        [
            -0.025186559185385704,
            -0.020600872114300728,
            0.024811875075101852
        ],
        [
            0.03606967255473137,
            0.01605539210140705,
            0.05823004990816116
        ],
        [
            -0.03366539999842644,
            0.027638761326670647,
            0.0463777631521225
        ],
        [
            0.002489388920366764,
            -0.019139420241117477,
            0.026433933526277542
        ],
        [
            0.024878354743123055,
            -0.009406613186001778,
            0.0034659241791814566
        ],
        [
            0.011762100271880627,
            -0.02825707569718361,
            0.020557578653097153
        ],
        [
            -0.03161897137761116,
            0.0002726606326177716,
            0.03371073678135872
        ],
        [
            0.003948265686631203,
            -0.01942351646721363,
            0.031819701194763184
        ],
        [
            -0.02011197991669178,
            -0.023626532405614853,
            0.03264310583472252
        ],
        [
            0.006444443948566914,
            -0.019059542566537857,
            0.024750618264079094
        ],
        [
            0.03122185356914997,
            -0.008955517783761024,
            0.03778551518917084
        ]
    ],
    "radii": [
        0.053649842739105225,
        0.03986169025301933,
        0.038777586072683334,
        0.037737082690000534,
        0.039618395268917084,
        0.043308474123477936,
        0.02951197698712349,
        0.03755595535039902,
        0.02403920330107212,
        0.026233991608023643,
        0.01976633071899414,
        0.02090529166162014,
        0.030476568266749382,
        0.037139810621738434,
        0.02985464408993721,
        0.032399486750364304,
        0.03164886683225632,
        0.029378192499279976,
        0.031504012644290924,
        0.02895948477089405
    ],
    "masses": [
        0.6468356847763062,
        0.26531127095222473,
        0.2442479431629181,
        0.22510936856269836,
        0.26048287749290466,
        0.3402571380138397,
        0.1076672226190567,
        0.22188350558280945,
        0.058190055191516876,
        0.07562784105539322,
        0.032349441200494766,
        0.03826989233493805,
        0.11857327073812485,
        0.21458910405635834,
        0.1114613488316536,
        0.1424632966518402,
        0.13278931379318237,
        0.10620960593223572,
        0.13097433745861053,
        0.10173282027244568
    ],
    "mesh_path": "/Users/nn/devenv/MorphIt-1/web/examples/ur5/meshes/ur5/collision/shoulder.stl",
    "num_spheres": 20,
    "per_sphere_mass": false,
    "config": {
        "model": {
            "num_spheres": 20,
            "mesh_path": "/Users/nn/devenv/MorphIt-1/web/examples/ur5/meshes/ur5/collision/shoulder.stl",
            "device": "cpu",
            "initial_radius_variation": 0.1,
            "num_inside_samples": 5000,
            "num_surface_samples": 5000,
            "max_spheres": 25,
            "density": 1000.0,
            "per_sphere_mass": false
        },
        "training": {
            "iterations": 200,
            "verbose_frequency": 50,
            "logging_enabled": false,
            "center_lr": 0.002,
            "radius_lr": 0.005,
            "mass_lr": 0.01,
            "grad_clip_norm": 1.0,
            "coverage_weight": 1500.0,
            "overlap_weight": 0.3,
            "boundary_weight": 1.0,
            "surface_weight": 50.0,
            "containment_weight": 10.0,
            "sqem_weight": 3000.0,
            "mass_weight": 0.0,
            "com_weight": 0.0,
            "inertia_weight": 0.0,
            "flatness_weight": 0.0,
            "hausdorff_weight": 0.0,
            "mesh_containment_weight": 10.0,
            "early_stopping": false,
            "convergence_patience": 50,
            "convergence_threshold": 0.001,
            "density_control_enabled": true,
            "density_control_min_interval": 160,
            "density_control_patience": 1,
            "density_control_grad_threshold": 0.0001,
            "density_control_warmup_steps": 10,
            "density_control_cooling_factor": 0.85,
            "density_control_min_radius_fraction": 0.001
        },
        "visualization": {
            "enabled": false,
            "off_screen": true,
            "save_video": false,
            "video_filename": "sphere_filling.mp4",
            "render_interval": 5,
            "sphere_color": "blue",
            "sphere_opacity": 0.3,
            "mesh_color": "white",
            "mesh_line_width": 1.5,
            "mesh_opacity": 0.8,
            "show_sample_points": true,
            "show_surface_points": true,
            "sample_points_subsample": 100000,
            "surface_points_subsample": 100000,
            "sample_point_color": "red",
            "surface_point_color": "green",
            "point_size": 5,
            "camera_position": [
                1.0,
                1.0,
                1.0
            ],
            "camera_focal_point": [
                0.0,
                0.0,
                0.0
            ],
            "camera_view_up": [
                0.0,
                0.0,
                1.0
            ],
            "camera_azimuth": 80,
            "camera_elevation": 120,
            "camera_roll": 120,
            "camera_zoom": 1.5
        },
        "results_dir": "/Users/nn/devenv/MorphIt-1/web/examples/ur5.spheres/spheres",
        "output_filename": "shoulder_link_0.json",
        "random_seed": 0
    }
}