{
    "centers": [
        [
            0.0004744497127830982,
            0.0011803421657532454,
            0.1619318127632141
        ],
        [
            -0.001198397483676672,
            -0.0003312735352665186,
            0.2735028862953186
        ],
        [
            0.007759643718600273,
            0.031302738934755325,
            -0.005118970293551683
        ],
        [
            -0.0031132984440773726,
            0.028241392225027084,
            0.4367416501045227
        ],
        [
            0.009653301909565926,
            -0.03969748690724373,
            0.374322772026062
        ],
        [
            0.00290814321488142,
            0.03074832074344158,
            0.43132323026657104
        ],
        [
            -0.010742438957095146,
            0.0183709729462862,
            -0.009599307551980019
        ],
        [
            0.028380796313285828,
            0.012420877814292908,
            0.07895542681217194
        ],
        [
            0.03337787836790085,
            0.015161329880356789,
            0.3548104465007782
        ],
        [
            -0.01506859716027975,
            0.035372305661439896,
            0.0038533173501491547
        ],
        [
            -0.025584813207387924,
            -0.05046997219324112,
            -0.015581735409796238
        ],
        [
            0.00390297407284379,
            0.04973454773426056,
            0.030800454318523407
        ],
        [
            -0.022484850138425827,
            0.005605281330645084,
            0.3545616865158081
        ],
        [
            0.008510332554578781,
            0.03358279913663864,
            -6.14924356341362e-05
        ],
        [
            -0.0015201312489807606,
            -0.03037123754620552,
            0.06453980505466461
        ],
        [
            -0.015233305282890797,
            0.011336582712829113,
            0.07043439894914627
        ],
        [
            -0.017712539061903954,
            0.038943931460380554,
            0.4136160910129547
        ],
        [
            -0.002332753501832485,
            0.04726134613156319,
            0.39563998579978943
        ],
        [
            -0.021389609202742577,
            0.02927476540207863,
            0.4153043329715729
        ],
        [
            0.017884252592921257,
            0.03699750080704689,
            0.41782206296920776
        ]
    ],
    "radii": [
        0.06506186723709106,
        0.06518563628196716,
        0.07114563882350922,
        0.07139589637517929,
        0.044269878417253494,
        0.052784305065870285,
        0.04693254083395004,
        0.03143876791000366,
        0.030814284458756447,
        0.03340907394886017,
        0.03709275647997856,
        0.024514053016901016,
        0.03922048956155777,
        0.0450301431119442,
        0.04826834797859192,
        0.041421182453632355,
        0.04297634959220886,
        0.03871303051710129,
        0.041733644902706146,
        0.04056130349636078
    ],
    "masses": [
        1.1536341905593872,
        1.1602306365966797,
        1.5084587335586548,
        1.5244330167770386,
        0.3634239733219147,
        0.6160315871238708,
        0.4330228269100189,
        0.1301622837781906,
        0.12255890667438507,
        0.1562003195285797,
        0.21377450227737427,
        0.06170693412423134,
        0.25271299481391907,
        0.3824710547924042,
        0.4710596203804016,
        0.2976844012737274,
        0.33248889446258545,
        0.2430301159620285,
        0.3044721186161041,
        0.27952736616134644
    ],
    "mesh_path": "/Users/nn/devenv/MorphIt-1/web/examples/ur5/meshes/ur5/collision/upperarm.stl",
    "num_spheres": 20,
    "per_sphere_mass": false,
    "config": {
        "model": {
            "num_spheres": 20,
            "mesh_path": "/Users/nn/devenv/MorphIt-1/web/examples/ur5/meshes/ur5/collision/upperarm.stl",
            "device": "cpu",
            "initial_radius_variation": 0.1,
            "num_inside_samples": 5000,
            "num_surface_samples": 5000,
            "max_spheres": 25,
            "density": 1000.0,
            "per_sphere_mass": false
        },
        "training": {
            "iterations": 200,
            "verbose_frequency": 50,
            "logging_enabled": false,
            "center_lr": 0.002,
            "radius_lr": 0.005,
            "mass_lr": 0.01,
            "grad_clip_norm": 1.0,
            "coverage_weight": 1500.0,
            "overlap_weight": 0.3,
            "boundary_weight": 1.0,
            "surface_weight": 50.0,
            "containment_weight": 10.0,
            "sqem_weight": 3000.0,
            "mass_weight": 0.0,
            "com_weight": 0.0,
            "inertia_weight": 0.0,
            "flatness_weight": 0.0,
            "hausdorff_weight": 0.0,
            "mesh_containment_weight": 10.0,
            "early_stopping": false,
            "convergence_patience": 50,
            "convergence_threshold": 0.001,
            "density_control_enabled": true,
            "density_control_min_interval": 160,
            "density_control_patience": 1,
            "density_control_grad_threshold": 0.0001,
            "density_control_warmup_steps": 10,
            "density_control_cooling_factor": 0.85,
            "density_control_min_radius_fraction": 0.001
        },
        "visualization": {
            "enabled": false,
            "off_screen": true,
            "save_video": false,
            "video_filename": "sphere_filling.mp4",
            "render_interval": 5,
            "sphere_color": "blue",
            "sphere_opacity": 0.3,
            "mesh_color": "white",
            "mesh_line_width": 1.5,
            "mesh_opacity": 0.8,
            "show_sample_points": true,
            "show_surface_points": true,
            "sample_points_subsample": 100000,
            "surface_points_subsample": 100000,
            "sample_point_color": "red",
            "surface_point_color": "green",
            "point_size": 5,
            "camera_position": [
                1.0,
                1.0,
                1.0
            ],
            "camera_focal_point": [
                0.0,
                0.0,
                0.0
            ],
            "camera_view_up": [
                0.0,
                0.0,
                1.0
            ],
            "camera_azimuth": 80,
            "camera_elevation": 120,
            "camera_roll": 120,
            "camera_zoom": 1.5
        },
        "results_dir": "/Users/nn/devenv/MorphIt-1/web/examples/ur5.spheres/spheres",
        "output_filename": "upper_arm_link_0.json",
        "random_seed": 0
    }
}