{
    "centers": [
        [
            -0.0005634661647491157,
            0.10772388428449631,
            -0.01675824262201786
        ],
        [
            0.01526482030749321,
            0.06752341985702515,
            -0.004028573166579008
        ],
        [
            -0.001184383174404502,
            0.10490892827510834,
            0.023488355800509453
        ],
        [
            0.009484648704528809,
            0.10358091443777084,
            -0.034042857587337494
        ],
        [
            -0.015161351300776005,
            0.09365926682949066,
            0.02541833370923996
        ],
        [
            -0.020684031769633293,
            0.09327448904514313,
            -0.0379035510122776
        ],
        [
            0.007714773993939161,
            0.07080774754285812,
            0.022342702373862267
        ],
        [
            -0.00843838881701231,
            0.0711447075009346,
            0.022511392831802368
        ],
        [
            0.015504609793424606,
            0.09281953424215317,
            0.025806546211242676
        ],
        [
            0.0143975168466568,
            0.07580062747001648,
            -0.04365922510623932
        ],
        [
            0.025034092366695404,
            0.09056821465492249,
            -0.037111666053533554
        ],
        [
            -0.010388573631644249,
            0.10985514521598816,
            -0.03727259486913681
        ],
        [
            -0.011634188704192638,
            0.08014369010925293,
            -0.039642587304115295
        ],
        [
            0.00011938771058339626,
            0.10806772112846375,
            -0.013032113201916218
        ],
        [
            0.002554145874455571,
            0.11089200526475906,
            -0.015364028513431549
        ],
        [
            -0.01782567799091339,
            0.10168930143117905,
            -0.010692539624869823
        ],
        [
            0.016507359221577644,
            0.09993190318346024,
            -0.011896980926394463
        ],
        [
            0.004575982224196196,
            0.10441157221794128,
            -0.03640317544341087
        ],
        [
            -0.005029999651014805,
            0.06653552502393723,
            -0.03488030284643173
        ],
        [
            -0.016448719426989555,
            0.06882137805223465,
            -0.0028126470278948545
        ]
    ],
    "radii": [
        0.02642454206943512,
        0.027115723118185997,
        0.03186923637986183,
        0.026372777298092842,
        0.02860855869948864,
        0.020256510004401207,
        0.02698058821260929,
        0.026154806837439537,
        0.028733687475323677,
        0.016523033380508423,
        0.01892504282295704,
        0.022237738594412804,
        0.021013109013438225,
        0.022746331989765167,
        0.02173394337296486,
        0.0215923935174942,
        0.02336360327899456,
        0.0228908471763134,
        0.021704884245991707,
        0.0276444423943758
    ],
    "masses": [
        0.07728780806064606,
        0.08351263403892517,
        0.13558247685432434,
        0.07683449238538742,
        0.09807911515235901,
        0.03481628745794296,
        0.08227025717496872,
        0.07494507730007172,
        0.09937169402837753,
        0.018895478919148445,
        0.028392210602760315,
        0.046063873916864395,
        0.03886507824063301,
        0.04929725080728531,
        0.04300353676080704,
        0.04216877371072769,
        0.05342051386833191,
        0.050242841243743896,
        0.04283127561211586,
        0.08849364519119263
    ],
    "mesh_path": "/Users/nn/devenv/MorphIt-1/web/examples/ur5/meshes/ur5/collision/wrist1.stl",
    "num_spheres": 20,
    "per_sphere_mass": false,
    "config": {
        "model": {
            "num_spheres": 20,
            "mesh_path": "/Users/nn/devenv/MorphIt-1/web/examples/ur5/meshes/ur5/collision/wrist1.stl",
            "device": "cpu",
            "initial_radius_variation": 0.1,
            "num_inside_samples": 5000,
            "num_surface_samples": 5000,
            "max_spheres": 25,
            "density": 1000.0,
            "per_sphere_mass": false
        },
        "training": {
            "iterations": 200,
            "verbose_frequency": 50,
            "logging_enabled": false,
            "center_lr": 0.002,
            "radius_lr": 0.005,
            "mass_lr": 0.01,
            "grad_clip_norm": 1.0,
            "coverage_weight": 1500.0,
            "overlap_weight": 0.3,
            "boundary_weight": 1.0,
            "surface_weight": 50.0,
            "containment_weight": 10.0,
            "sqem_weight": 3000.0,
            "mass_weight": 0.0,
            "com_weight": 0.0,
            "inertia_weight": 0.0,
            "flatness_weight": 0.0,
            "hausdorff_weight": 0.0,
            "mesh_containment_weight": 10.0,
            "early_stopping": false,
            "convergence_patience": 50,
            "convergence_threshold": 0.001,
            "density_control_enabled": true,
            "density_control_min_interval": 160,
            "density_control_patience": 1,
            "density_control_grad_threshold": 0.0001,
            "density_control_warmup_steps": 10,
            "density_control_cooling_factor": 0.85,
            "density_control_min_radius_fraction": 0.001
        },
        "visualization": {
            "enabled": false,
            "off_screen": true,
            "save_video": false,
            "video_filename": "sphere_filling.mp4",
            "render_interval": 5,
            "sphere_color": "blue",
            "sphere_opacity": 0.3,
            "mesh_color": "white",
            "mesh_line_width": 1.5,
            "mesh_opacity": 0.8,
            "show_sample_points": true,
            "show_surface_points": true,
            "sample_points_subsample": 100000,
            "surface_points_subsample": 100000,
            "sample_point_color": "red",
            "surface_point_color": "green",
            "point_size": 5,
            "camera_position": [
                1.0,
                1.0,
                1.0
            ],
            "camera_focal_point": [
                0.0,
                0.0,
                0.0
            ],
            "camera_view_up": [
                0.0,
                0.0,
                1.0
            ],
            "camera_azimuth": 80,
            "camera_elevation": 120,
            "camera_roll": 120,
            "camera_zoom": 1.5
        },
        "results_dir": "/Users/nn/devenv/MorphIt-1/web/examples/ur5.spheres/spheres",
        "output_filename": "wrist_1_link_0.json",
        "random_seed": 0
    }
}