{
    "centers": [
        [
            0.0002604631881695241,
            0.012823118828237057,
            0.08704374730587006
        ],
        [
            -0.0043099913746118546,
            -0.0343933030962944,
            0.08122390508651733
        ],
        [
            0.013303282670676708,
            -0.0017592738149687648,
            0.07154663652181625
        ],
        [
            0.0009922898607328534,
            0.024030394852161407,
            0.10345830023288727
        ],
        [
            0.014252404682338238,
            -0.021864576265215874,
            0.09708629548549652
        ],
        [
            0.009298320859670639,
            -0.034189291298389435,
            0.06915309280157089
        ],
        [
            0.01116036344319582,
            -0.010016423650085926,
            0.10363839566707611
        ],
        [
            -0.0232003815472126,
            -0.016523737460374832,
            0.10409677028656006
        ],
        [
            -0.018195850774645805,
            -0.002664271742105484,
            0.06633330136537552
        ],
        [
            -0.02670135535299778,
            -0.04477459937334061,
            0.0984199196100235
        ],
        [
            -0.011688063852488995,
            -0.03691449388861656,
            0.11649692058563232
        ],
        [
            -0.024836691096425056,
            -0.026065925136208534,
            0.0918973982334137
        ],
        [
            0.01650155894458294,
            -0.02198726311326027,
            0.09680750966072083
        ],
        [
            0.01278706081211567,
            -0.02402297593653202,
            0.09218001365661621
        ],
        [
            0.014113605953752995,
            -0.03309302031993866,
            0.07156910002231598
        ],
        [
            0.020330751314759254,
            -0.027011282742023468,
            0.08538762480020523
        ],
        [
            0.012955773621797562,
            -0.022246839478611946,
            0.10823178291320801
        ],
        [
            -0.006802716758102179,
            -0.013791095465421677,
            0.11433086544275284
        ],
        [
            0.011842217296361923,
            -0.021767843514680862,
            0.09572745859622955
        ],
        [
            0.015120062977075577,
            -0.04021606221795082,
            0.10480602830648422
        ]
    ],
    "radii": [
        0.04362219199538231,
        0.029638271778821945,
        0.02951093018054962,
        0.03534125164151192,
        0.022882966324687004,
        0.02033163793385029,
        0.021608565002679825,
        0.01489341165870428,
        0.026990026235580444,
        0.01627832092344761,
        0.01711859181523323,
        0.019050121307373047,
        0.021092388778924942,
        0.021245727315545082,
        0.020886288955807686,
        0.024312039837241173,
        0.020669247955083847,
        0.021700773388147354,
        0.020686864852905273,
        0.0241664107888937
    ],
    "masses": [
        0.34770506620407104,
        0.10905540734529495,
        0.10765576362609863,
        0.18489891290664673,
        0.050190966576337814,
        0.035205110907554626,
        0.042263586074113846,
        0.013837930746376514,
        0.08235662430524826,
        0.018068306148052216,
        0.021013224497437477,
        0.028958884999155998,
        0.0393066368997097,
        0.04017014801502228,
        0.0381656289100647,
        0.06019394099712372,
        0.03698815032839775,
        0.042806945741176605,
        0.03708280995488167,
        0.05911872163414955
    ],
    "mesh_path": "/Users/nn/devenv/MorphIt-1/web/examples/ur5/meshes/ur5/collision/wrist2.stl",
    "num_spheres": 20,
    "per_sphere_mass": false,
    "config": {
        "model": {
            "num_spheres": 20,
            "mesh_path": "/Users/nn/devenv/MorphIt-1/web/examples/ur5/meshes/ur5/collision/wrist2.stl",
            "device": "cpu",
            "initial_radius_variation": 0.1,
            "num_inside_samples": 5000,
            "num_surface_samples": 5000,
            "max_spheres": 25,
            "density": 1000.0,
            "per_sphere_mass": false
        },
        "training": {
            "iterations": 200,
            "verbose_frequency": 50,
            "logging_enabled": false,
            "center_lr": 0.002,
            "radius_lr": 0.005,
            "mass_lr": 0.01,
            "grad_clip_norm": 1.0,
            "coverage_weight": 1500.0,
            "overlap_weight": 0.3,
            "boundary_weight": 1.0,
            "surface_weight": 50.0,
            "containment_weight": 10.0,
            "sqem_weight": 3000.0,
            "mass_weight": 0.0,
            "com_weight": 0.0,
            "inertia_weight": 0.0,
            "flatness_weight": 0.0,
            "hausdorff_weight": 0.0,
            "mesh_containment_weight": 10.0,
            "early_stopping": false,
            "convergence_patience": 50,
            "convergence_threshold": 0.001,
            "density_control_enabled": true,
            "density_control_min_interval": 160,
            "density_control_patience": 1,
            "density_control_grad_threshold": 0.0001,
            "density_control_warmup_steps": 10,
            "density_control_cooling_factor": 0.85,
            "density_control_min_radius_fraction": 0.001
        },
        "visualization": {
            "enabled": false,
            "off_screen": true,
            "save_video": false,
            "video_filename": "sphere_filling.mp4",
            "render_interval": 5,
            "sphere_color": "blue",
            "sphere_opacity": 0.3,
            "mesh_color": "white",
            "mesh_line_width": 1.5,
            "mesh_opacity": 0.8,
            "show_sample_points": true,
            "show_surface_points": true,
            "sample_points_subsample": 100000,
            "surface_points_subsample": 100000,
            "sample_point_color": "red",
            "surface_point_color": "green",
            "point_size": 5,
            "camera_position": [
                1.0,
                1.0,
                1.0
            ],
            "camera_focal_point": [
                0.0,
                0.0,
                0.0
            ],
            "camera_view_up": [
                0.0,
                0.0,
                1.0
            ],
            "camera_azimuth": 80,
            "camera_elevation": 120,
            "camera_roll": 120,
            "camera_zoom": 1.5
        },
        "results_dir": "/Users/nn/devenv/MorphIt-1/web/examples/ur5.spheres/spheres",
        "output_filename": "wrist_2_link_0.json",
        "random_seed": 0
    }
}