{
    "centers": [
        [
            0.3502257764339447,
            -0.015030158683657646,
            0.005262492690235376
        ],
        [
            0.23302897810935974,
            0.026998396962881088,
            -0.002983223646879196
        ],
        [
            -0.047787826508283615,
            -0.0389847531914711,
            0.007569317240267992
        ],
        [
            0.15585878491401672,
            -0.04049351066350937,
            0.0017485010903328657
        ],
        [
            -0.36044883728027344,
            0.027551589533686638,
            0.0035586555022746325
        ],
        [
            0.12888236343860626,
            0.029896561056375504,
            0.0035829388070851564
        ],
        [
            0.022270293906331062,
            0.03527435287833214,
            0.010064322501420975
        ],
        [
            -0.24675390124320984,
            -0.025411726906895638,
            0.0020579476840794086
        ],
        [
            0.053621113300323486,
            -0.04911404848098755,
            0.006627274677157402
        ],
        [
            -0.08256758004426956,
            0.04064524918794632,
            0.00876326858997345
        ],
        [
            -0.15752749145030975,
            -0.036440275609493256,
            0.005432754755020142
        ],
        [
            -0.34788402915000916,
            -0.02272936888039112,
            0.00272392644546926
        ],
        [
            -0.1628609150648117,
            0.0381975993514061,
            0.007723752409219742
        ],
        [
            0.35583731532096863,
            0.01692531816661358,
            0.009822732768952847
        ],
        [
            0.23819448053836823,
            -0.02378839999437332,
            -0.012955300509929657
        ],
        [
            0.32768914103507996,
            0.009960552677512169,
            -0.018137795850634575
        ],
        [
            0.2531065046787262,
            -0.03469157591462135,
            0.014107679948210716
        ],
        [
            -0.22806963324546814,
            0.03179290145635605,
            0.004513924475759268
        ],
        [
            -0.2990194261074066,
            0.0132521390914917,
            -0.0005356541369110346
        ],
        [
            0.3017427921295166,
            -0.013062046840786934,
            -0.020573237910866737
        ]
    ],
    "radii": [
        0.10024493932723999,
        0.10441850870847702,
        0.09657619148492813,
        0.09695978462696075,
        0.08603505045175552,
        0.10288403183221817,
        0.0979386568069458,
        0.10144152492284775,
        0.08983945846557617,
        0.09604253619909286,
        0.09913641214370728,
        0.09310778230428696,
        0.09569868445396423,
        0.09485206007957458,
        0.09401518106460571,
        0.10043571144342422,
        0.08961927145719528,
        0.09884458780288696,
        0.1019313633441925,
        0.09664056450128555
    ],
    "masses": [
        4.2196455001831055,
        4.7689313888549805,
        3.773104429244995,
        3.818242311477661,
        2.6675639152526855,
        4.561760902404785,
        3.9350571632385254,
        4.372561454772949,
        3.037316083908081,
        3.7109017372131348,
        4.081202983856201,
        3.3810105323791504,
        3.671186685562134,
        3.5746119022369385,
        3.480828046798706,
        4.243782043457031,
        3.015038251876831,
        4.0452680587768555,
        4.4362101554870605,
        3.7806544303894043
    ],
    "mesh_path": "/Users/nn/devenv/MorphIt-1/web/examples/spot/meshes/body_collision.stl",
    "num_spheres": 20,
    "per_sphere_mass": false,
    "config": {
        "model": {
            "num_spheres": 20,
            "mesh_path": "/Users/nn/devenv/MorphIt-1/web/examples/spot/meshes/body_collision.stl",
            "device": "cpu",
            "initial_radius_variation": 0.1,
            "num_inside_samples": 5000,
            "num_surface_samples": 5000,
            "max_spheres": 25,
            "density": 1000.0,
            "per_sphere_mass": false
        },
        "training": {
            "iterations": 200,
            "verbose_frequency": 50,
            "logging_enabled": false,
            "center_lr": 0.002,
            "radius_lr": 0.005,
            "mass_lr": 0.01,
            "grad_clip_norm": 1.0,
            "coverage_weight": 1500.0,
            "overlap_weight": 0.3,
            "boundary_weight": 1.0,
            "surface_weight": 50.0,
            "containment_weight": 10.0,
            "sqem_weight": 3000.0,
            "mass_weight": 0.0,
            "com_weight": 0.0,
            "inertia_weight": 0.0,
            "flatness_weight": 0.0,
            "hausdorff_weight": 0.0,
            "mesh_containment_weight": 10.0,
            "early_stopping": false,
            "convergence_patience": 50,
            "convergence_threshold": 0.001,
            "density_control_enabled": true,
            "density_control_min_interval": 160,
            "density_control_patience": 1,
            "density_control_grad_threshold": 0.0001,
            "density_control_warmup_steps": 10,
            "density_control_cooling_factor": 0.85,
            "density_control_min_radius_fraction": 0.001
        },
        "visualization": {
            "enabled": false,
            "off_screen": true,
            "save_video": false,
            "video_filename": "sphere_filling.mp4",
            "render_interval": 5,
            "sphere_color": "blue",
            "sphere_opacity": 0.3,
            "mesh_color": "white",
            "mesh_line_width": 1.5,
            "mesh_opacity": 0.8,
            "show_sample_points": true,
            "show_surface_points": true,
            "sample_points_subsample": 100000,
            "surface_points_subsample": 100000,
            "sample_point_color": "red",
            "surface_point_color": "green",
            "point_size": 5,
            "camera_position": [
                1.0,
                1.0,
                1.0
            ],
            "camera_focal_point": [
                0.0,
                0.0,
                0.0
            ],
            "camera_view_up": [
                0.0,
                0.0,
                1.0
            ],
            "camera_azimuth": 80,
            "camera_elevation": 120,
            "camera_roll": 120,
            "camera_zoom": 1.5
        },
        "results_dir": "/Users/nn/devenv/MorphIt-1/web/examples/spot.spheres/spheres",
        "output_filename": "body_0.json",
        "random_seed": 0
    }
}