{
    "centers": [
        [
            0.0344420000910759,
            0.02475452795624733,
            -0.010324797593057156
        ],
        [
            -0.009222786873579025,
            -0.004894384182989597,
            -0.0002959334815386683
        ],
        [
            -0.014668894931674004,
            0.032284561544656754,
            -0.01783621869981289
        ],
        [
            0.07132160663604736,
            -0.00828645657747984,
            -0.006603245623409748
        ],
        [
            0.06689310073852539,
            0.008736138232052326,
            -0.013169261626899242
        ],
        [
            0.00349427480250597,
            0.030887611210346222,
            0.006596988532692194
        ],
        [
            0.06119489297270775,
            0.015488481149077415,
            0.007964322343468666
        ],
        [
            0.0023367656394839287,
            -0.003964543342590332,
            0.010140106081962585
        ],
        [
            0.07466235756874084,
            -0.0036259375046938658,
            0.018042001873254776
        ],
        [
            0.0465807244181633,
            -0.009297925047576427,
            0.006712472531944513
        ],
        [
            0.02001909539103508,
            0.037431325763463974,
            0.020545607432723045
        ],
        [
            0.03677191212773323,
            -0.012656862847507,
            -0.019416358321905136
        ],
        [
            0.014790615066885948,
            0.03607597574591637,
            -0.022228965535759926
        ],
        [
            0.034234680235385895,
            0.03289791941642761,
            0.0026961485855281353
        ],
        [
            -0.020440198481082916,
            0.0349159836769104,
            0.004776261281222105
        ],
        [
            0.026053380221128464,
            -0.007785312831401825,
            0.008676966652274132
        ],
        [
            0.038742709904909134,
            0.011992255225777626,
            0.014051669277250767
        ],
        [
            0.0048378268256783485,
            -0.005818328820168972,
            -0.01561023760586977
        ],
        [
            -0.014606411568820477,
            0.032274067401885986,
            0.018899524584412575
        ],
        [
            -0.01644287444651127,
            0.005606603343039751,
            -0.0133965527638793
        ]
    ],
    "radii": [
        0.046319760382175446,
        0.04870288819074631,
        0.04103849455714226,
        0.04149090126156807,
        0.04128126800060272,
        0.041055284440517426,
        0.043251167982816696,
        0.044485948979854584,
        0.034199219197034836,
        0.03857012465596199,
        0.03614598140120506,
        0.030817177146673203,
        0.03649085387587547,
        0.03870326280593872,
        0.03740178421139717,
        0.04048587381839752,
        0.03824454918503761,
        0.04004201665520668,
        0.03986357897520065,
        0.03722155839204788
    ],
    "masses": [
        0.41628187894821167,
        0.48389676213264465,
        0.28950953483581543,
        0.29919007420539856,
        0.2946779727935791,
        0.28986501693725586,
        0.33890822529792786,
        0.36877137422561646,
        0.16754719614982605,
        0.2403486669063568,
        0.1978192925453186,
        0.12259341776371002,
        0.20353573560714722,
        0.24284622073173523,
        0.21916213631629944,
        0.2779707908630371,
        0.2343134582042694,
        0.26892825961112976,
        0.26534897089004517,
        0.2160091996192932
    ],
    "mesh_path": "/Users/nn/devenv/MorphIt-1/web/examples/spot/meshes/rear_left_hip_collision.stl",
    "num_spheres": 20,
    "per_sphere_mass": false,
    "config": {
        "model": {
            "num_spheres": 20,
            "mesh_path": "/Users/nn/devenv/MorphIt-1/web/examples/spot/meshes/rear_left_hip_collision.stl",
            "device": "cpu",
            "initial_radius_variation": 0.1,
            "num_inside_samples": 5000,
            "num_surface_samples": 5000,
            "max_spheres": 25,
            "density": 1000.0,
            "per_sphere_mass": false
        },
        "training": {
            "iterations": 200,
            "verbose_frequency": 50,
            "logging_enabled": false,
            "center_lr": 0.002,
            "radius_lr": 0.005,
            "mass_lr": 0.01,
            "grad_clip_norm": 1.0,
            "coverage_weight": 1500.0,
            "overlap_weight": 0.3,
            "boundary_weight": 1.0,
            "surface_weight": 50.0,
            "containment_weight": 10.0,
            "sqem_weight": 3000.0,
            "mass_weight": 0.0,
            "com_weight": 0.0,
            "inertia_weight": 0.0,
            "flatness_weight": 0.0,
            "hausdorff_weight": 0.0,
            "mesh_containment_weight": 10.0,
            "early_stopping": false,
            "convergence_patience": 50,
            "convergence_threshold": 0.001,
            "density_control_enabled": true,
            "density_control_min_interval": 160,
            "density_control_patience": 1,
            "density_control_grad_threshold": 0.0001,
            "density_control_warmup_steps": 10,
            "density_control_cooling_factor": 0.85,
            "density_control_min_radius_fraction": 0.001
        },
        "visualization": {
            "enabled": false,
            "off_screen": true,
            "save_video": false,
            "video_filename": "sphere_filling.mp4",
            "render_interval": 5,
            "sphere_color": "blue",
            "sphere_opacity": 0.3,
            "mesh_color": "white",
            "mesh_line_width": 1.5,
            "mesh_opacity": 0.8,
            "show_sample_points": true,
            "show_surface_points": true,
            "sample_points_subsample": 100000,
            "surface_points_subsample": 100000,
            "sample_point_color": "red",
            "surface_point_color": "green",
            "point_size": 5,
            "camera_position": [
                1.0,
                1.0,
                1.0
            ],
            "camera_focal_point": [
                0.0,
                0.0,
                0.0
            ],
            "camera_view_up": [
                0.0,
                0.0,
                1.0
            ],
            "camera_azimuth": 80,
            "camera_elevation": 120,
            "camera_roll": 120,
            "camera_zoom": 1.5
        },
        "results_dir": "/Users/nn/devenv/MorphIt-1/web/examples/spot.spheres/spheres",
        "output_filename": "rear_left_hip_0.json",
        "random_seed": 0
    }
}