{
    "centers": [
        [
            0.016873259097337723,
            0.0008370369323529303,
            -0.16422046720981598
        ],
        [
            0.017514344304800034,
            0.0020886065904051065,
            -0.12394899874925613
        ],
        [
            -0.00536015210673213,
            0.002715477952733636,
            0.032712243497371674
        ],
        [
            0.009755708277225494,
            0.0012690253788605332,
            -0.2684590518474579
        ],
        [
            0.002819971414282918,
            0.000578796723857522,
            -0.04413178190588951
        ],
        [
            -0.010294448584318161,
            0.0012067978968843818,
            -0.33598825335502625
        ],
        [
            0.02662978135049343,
            0.0013605563435703516,
            -0.20094601809978485
        ],
        [
            0.01803654059767723,
            0.00117203698027879,
            -0.3045516610145569
        ],
        [
            -0.001073915627785027,
            0.0013334988616406918,
            -0.2002539038658142
        ],
        [
            0.022992296144366264,
            0.001407921314239502,
            -0.2354108840227127
        ],
        [
            0.012680516578257084,
            0.00826961174607277,
            -0.0808236300945282
        ],
        [
            -0.0038055628538131714,
            0.0021471711806952953,
            -0.2343991994857788
        ],
        [
            0.003824369516223669,
            0.001087463228031993,
            -0.0023389828857034445
        ],
        [
            -0.011234743520617485,
            0.001397275715135038,
            0.005849846638739109
        ],
        [
            0.014364633709192276,
            -0.0005082539282739162,
            -0.33985310792922974
        ],
        [
            -0.0048481784760952,
            0.0022607680875808,
            -0.0169989001005888
        ],
        [
            0.015272247605025768,
            0.0044867186807096004,
            -0.3418461084365845
        ],
        [
            -0.006620943546295166,
            0.0016423182096332312,
            -0.29918551445007324
        ],
        [
            0.011823996901512146,
            -0.005537062883377075,
            -0.08397148549556732
        ],
        [
            -0.0009374796063639224,
            0.0019440195756033063,
            -0.3509596884250641
        ]
    ],
    "radii": [
        0.036078859120607376,
        0.03472288325428963,
        0.030169066041707993,
        0.03653489425778389,
        0.035031598061323166,
        0.035441432148218155,
        0.02748996578156948,
        0.03109648823738098,
        0.02707166038453579,
        0.02837015688419342,
        0.03055846318602562,
        0.02573050744831562,
        0.030086129903793335,
        0.028776127845048904,
        0.030513741075992584,
        0.031073588877916336,
        0.030111776664853096,
        0.029807891696691513,
        0.028689514845609665,
        0.03275441378355026
    ],
    "masses": [
        0.19671930372714996,
        0.17536218464374542,
        0.11502021551132202,
        0.20427356660366058,
        0.18008121848106384,
        0.18647576868534088,
        0.08701842278242111,
        0.12595710158348083,
        0.08310616761445999,
        0.09564753621816635,
        0.11953170597553253,
        0.07135651260614395,
        0.1140742376446724,
        0.09981267154216766,
        0.1190076693892479,
        0.12567903101444244,
        0.11436620354652405,
        0.11093851923942566,
        0.09891410171985626,
        0.1471966952085495
    ],
    "mesh_path": "/Users/nn/devenv/MorphIt-1/web/examples/spot/meshes/rear_left_lower_leg_collision.stl",
    "num_spheres": 20,
    "per_sphere_mass": false,
    "config": {
        "model": {
            "num_spheres": 20,
            "mesh_path": "/Users/nn/devenv/MorphIt-1/web/examples/spot/meshes/rear_left_lower_leg_collision.stl",
            "device": "cpu",
            "initial_radius_variation": 0.1,
            "num_inside_samples": 5000,
            "num_surface_samples": 5000,
            "max_spheres": 25,
            "density": 1000.0,
            "per_sphere_mass": false
        },
        "training": {
            "iterations": 200,
            "verbose_frequency": 50,
            "logging_enabled": false,
            "center_lr": 0.002,
            "radius_lr": 0.005,
            "mass_lr": 0.01,
            "grad_clip_norm": 1.0,
            "coverage_weight": 1500.0,
            "overlap_weight": 0.3,
            "boundary_weight": 1.0,
            "surface_weight": 50.0,
            "containment_weight": 10.0,
            "sqem_weight": 3000.0,
            "mass_weight": 0.0,
            "com_weight": 0.0,
            "inertia_weight": 0.0,
            "flatness_weight": 0.0,
            "hausdorff_weight": 0.0,
            "mesh_containment_weight": 10.0,
            "early_stopping": false,
            "convergence_patience": 50,
            "convergence_threshold": 0.001,
            "density_control_enabled": true,
            "density_control_min_interval": 160,
            "density_control_patience": 1,
            "density_control_grad_threshold": 0.0001,
            "density_control_warmup_steps": 10,
            "density_control_cooling_factor": 0.85,
            "density_control_min_radius_fraction": 0.001
        },
        "visualization": {
            "enabled": false,
            "off_screen": true,
            "save_video": false,
            "video_filename": "sphere_filling.mp4",
            "render_interval": 5,
            "sphere_color": "blue",
            "sphere_opacity": 0.3,
            "mesh_color": "white",
            "mesh_line_width": 1.5,
            "mesh_opacity": 0.8,
            "show_sample_points": true,
            "show_surface_points": true,
            "sample_points_subsample": 100000,
            "surface_points_subsample": 100000,
            "sample_point_color": "red",
            "surface_point_color": "green",
            "point_size": 5,
            "camera_position": [
                1.0,
                1.0,
                1.0
            ],
            "camera_focal_point": [
                0.0,
                0.0,
                0.0
            ],
            "camera_view_up": [
                0.0,
                0.0,
                1.0
            ],
            "camera_azimuth": 80,
            "camera_elevation": 120,
            "camera_roll": 120,
            "camera_zoom": 1.5
        },
        "results_dir": "/Users/nn/devenv/MorphIt-1/web/examples/spot.spheres/spheres",
        "output_filename": "rear_left_lower_leg_0.json",
        "random_seed": 0
    }
}