{
    "centers": [
        [
            -0.011116785928606987,
            0.006281617563217878,
            -0.0005974445957690477
        ],
        [
            0.0285907294601202,
            -0.029220936819911003,
            -0.015206803567707539
        ],
        [
            0.06480468809604645,
            -0.014227327890694141,
            0.008107640780508518
        ],
        [
            0.01958605647087097,
            -0.03733164444565773,
            0.021060101687908173
        ],
        [
            0.07083122432231903,
            0.006183731835335493,
            0.007858134806156158
        ],
        [
            -0.01644051820039749,
            -0.032524801790714264,
            0.01436974573880434
        ],
        [
            0.06901195645332336,
            -0.012477719224989414,
            -0.016209833323955536
        ],
        [
            0.034343935549259186,
            0.00618152879178524,
            0.0074620903469622135
        ],
        [
            -0.01944374106824398,
            -0.0353926345705986,
            -0.017930801957845688
        ],
        [
            0.0015487500932067633,
            -0.0328531451523304,
            -0.01877022534608841
        ],
        [
            0.07454705983400345,
            0.006019506137818098,
            -0.0163849126547575
        ],
        [
            0.00804708618670702,
            0.005879461765289307,
            -0.013280742801725864
        ],
        [
            0.04012907296419144,
            -0.030661990866065025,
            0.002840814646333456
        ],
        [
            -0.0030775642953813076,
            -0.03630908206105232,
            -0.013370612636208534
        ],
        [
            -0.016048148274421692,
            -0.014312483370304108,
            -0.015352628193795681
        ],
        [
            0.03323295712471008,
            0.008154054172337055,
            -0.012762472033500671
        ],
        [
            0.001160592189989984,
            0.010123576037585735,
            0.014111335389316082
        ],
        [
            0.05432060360908508,
            0.008468840271234512,
            -0.009909331798553467
        ],
        [
            0.04535244405269623,
            -0.019368665292859077,
            0.01310713030397892
        ],
        [
            0.003527233609929681,
            -0.007937539368867874,
            0.017997561022639275
        ]
    ],
    "radii": [
        0.046791400760412216,
        0.04366090148687363,
        0.04199663922190666,
        0.03638758882880211,
        0.04101545736193657,
        0.04164756461977959,
        0.03685157001018524,
        0.04238269105553627,
        0.03696001321077347,
        0.04174170270562172,
        0.03621261194348335,
        0.04132865369319916,
        0.038604844361543655,
        0.03564199060201645,
        0.03810660541057587,
        0.03791172057390213,
        0.03751686215400696,
        0.03737508878111839,
        0.03963661566376686,
        0.039293304085731506
    ],
    "masses": [
        0.42912790179252625,
        0.3486315608024597,
        0.31026458740234375,
        0.20181268453598022,
        0.2890222668647766,
        0.3025919795036316,
        0.20963150262832642,
        0.3188997507095337,
        0.21148760616779327,
        0.3046485185623169,
        0.1989152729511261,
        0.29569390416145325,
        0.24099832773208618,
        0.18965943157672882,
        0.23178717494010925,
        0.22824910283088684,
        0.22119133174419403,
        0.21869319677352905,
        0.2608424723148346,
        0.25412318110466003
    ],
    "mesh_path": "/Users/nn/devenv/MorphIt-1/web/examples/spot/meshes/rear_right_hip_collision.stl",
    "num_spheres": 20,
    "per_sphere_mass": false,
    "config": {
        "model": {
            "num_spheres": 20,
            "mesh_path": "/Users/nn/devenv/MorphIt-1/web/examples/spot/meshes/rear_right_hip_collision.stl",
            "device": "cpu",
            "initial_radius_variation": 0.1,
            "num_inside_samples": 5000,
            "num_surface_samples": 5000,
            "max_spheres": 25,
            "density": 1000.0,
            "per_sphere_mass": false
        },
        "training": {
            "iterations": 200,
            "verbose_frequency": 50,
            "logging_enabled": false,
            "center_lr": 0.002,
            "radius_lr": 0.005,
            "mass_lr": 0.01,
            "grad_clip_norm": 1.0,
            "coverage_weight": 1500.0,
            "overlap_weight": 0.3,
            "boundary_weight": 1.0,
            "surface_weight": 50.0,
            "containment_weight": 10.0,
            "sqem_weight": 3000.0,
            "mass_weight": 0.0,
            "com_weight": 0.0,
            "inertia_weight": 0.0,
            "flatness_weight": 0.0,
            "hausdorff_weight": 0.0,
            "mesh_containment_weight": 10.0,
            "early_stopping": false,
            "convergence_patience": 50,
            "convergence_threshold": 0.001,
            "density_control_enabled": true,
            "density_control_min_interval": 160,
            "density_control_patience": 1,
            "density_control_grad_threshold": 0.0001,
            "density_control_warmup_steps": 10,
            "density_control_cooling_factor": 0.85,
            "density_control_min_radius_fraction": 0.001
        },
        "visualization": {
            "enabled": false,
            "off_screen": true,
            "save_video": false,
            "video_filename": "sphere_filling.mp4",
            "render_interval": 5,
            "sphere_color": "blue",
            "sphere_opacity": 0.3,
            "mesh_color": "white",
            "mesh_line_width": 1.5,
            "mesh_opacity": 0.8,
            "show_sample_points": true,
            "show_surface_points": true,
            "sample_points_subsample": 100000,
            "surface_points_subsample": 100000,
            "sample_point_color": "red",
            "surface_point_color": "green",
            "point_size": 5,
            "camera_position": [
                1.0,
                1.0,
                1.0
            ],
            "camera_focal_point": [
                0.0,
                0.0,
                0.0
            ],
            "camera_view_up": [
                0.0,
                0.0,
                1.0
            ],
            "camera_azimuth": 80,
            "camera_elevation": 120,
            "camera_roll": 120,
            "camera_zoom": 1.5
        },
        "results_dir": "/Users/nn/devenv/MorphIt-1/web/examples/spot.spheres/spheres",
        "output_filename": "rear_right_hip_0.json",
        "random_seed": 0
    }
}