{
    "centers": [
        [
            0.026838354766368866,
            -0.03321152180433273,
            0.10199940949678421
        ],
        [
            0.07522482424974442,
            0.023228691890835762,
            0.030621521174907684
        ],
        [
            -0.019129352644085884,
            0.041902121156454086,
            0.10898690670728683
        ],
        [
            0.03323912248015404,
            0.02655394747853279,
            0.10279280692338943
        ],
        [
            -0.02319229207932949,
            0.08157598972320557,
            0.03364831954240799
        ],
        [
            -0.1017388179898262,
            0.031960535794496536,
            0.03311916068196297
        ],
        [
            -0.09956133365631104,
            -0.029412616044282913,
            0.029598955065011978
        ],
        [
            0.029879052191972733,
            0.07596775144338608,
            0.03340912237763405
        ],
        [
            -0.0914003774523735,
            0.0024253414012491703,
            0.10632744431495667
        ],
        [
            -0.00827291700989008,
            -0.030743159353733063,
            0.06879950314760208
        ],
        [
            0.0842539593577385,
            -0.04029252752661705,
            0.016520634293556213
        ],
        [
            -0.02982896752655506,
            -0.040150586515665054,
            0.11786642670631409
        ],
        [
            0.027029938995838165,
            -0.08285413682460785,
            0.02905353531241417
        ],
        [
            -0.03686664253473282,
            -0.07278885692358017,
            0.02716188132762909
        ],
        [
            -0.09013587236404419,
            -0.009244035929441452,
            0.06635928899049759
        ],
        [
            0.03033241629600525,
            -0.01873772405087948,
            0.04682495817542076
        ],
        [
            -0.05789978429675102,
            0.022063832730054855,
            0.04769717901945114
        ],
        [
            0.0010106615955010056,
            0.026168085634708405,
            0.04609739035367966
        ],
        [
            0.0374290756881237,
            -0.04147052392363548,
            0.1225602850317955
        ],
        [
            0.058894090354442596,
            -0.014414089731872082,
            0.05455510690808296
        ]
    ],
    "radii": [
        0.06102392077445984,
        0.04529351741075516,
        0.05850055441260338,
        0.06271011382341385,
        0.0434594564139843,
        0.04129894822835922,
        0.04037259519100189,
        0.040467023849487305,
        0.057182326912879944,
        0.0701088160276413,
        0.03126390278339386,
        0.05077733099460602,
        0.041859690099954605,
        0.041457224637269974,
        0.0519053153693676,
        0.051085215061903,
        0.051338888704776764,
        0.0496736541390419,
        0.043688543140888214,
        0.049984995275735855
    ],
    "masses": [
        0.9518947005271912,
        0.3892214000225067,
        0.8386263847351074,
        1.033002495765686,
        0.3438282012939453,
        0.2950567603111267,
        0.2756440341472626,
        0.27758270502090454,
        0.7832025289535522,
        1.4434658288955688,
        0.12800242006778717,
        0.5484009981155396,
        0.3072391748428345,
        0.2984621524810791,
        0.5857658982276917,
        0.5584371089935303,
        0.5667976140975952,
        0.5134130120277405,
        0.34929412603378296,
        0.523127555847168
    ],
    "mesh_path": "/Users/nn/devenv/MorphIt-1/web/examples/kuka_iiwa/meshes/link_0.stl",
    "num_spheres": 20,
    "per_sphere_mass": false,
    "config": {
        "model": {
            "num_spheres": 20,
            "mesh_path": "/Users/nn/devenv/MorphIt-1/web/examples/kuka_iiwa/meshes/link_0.stl",
            "device": "cpu",
            "initial_radius_variation": 0.1,
            "num_inside_samples": 5000,
            "num_surface_samples": 5000,
            "max_spheres": 25,
            "density": 1000.0,
            "per_sphere_mass": false
        },
        "training": {
            "iterations": 200,
            "verbose_frequency": 50,
            "logging_enabled": false,
            "center_lr": 0.002,
            "radius_lr": 0.005,
            "mass_lr": 0.01,
            "grad_clip_norm": 1.0,
            "coverage_weight": 1500.0,
            "overlap_weight": 0.3,
            "boundary_weight": 1.0,
            "surface_weight": 50.0,
            "containment_weight": 10.0,
            "sqem_weight": 3000.0,
            "mass_weight": 0.0,
            "com_weight": 0.0,
            "inertia_weight": 0.0,
            "flatness_weight": 0.0,
            "hausdorff_weight": 0.0,
            "mesh_containment_weight": 10.0,
            "early_stopping": false,
            "convergence_patience": 50,
            "convergence_threshold": 0.001,
            "density_control_enabled": true,
            "density_control_min_interval": 160,
            "density_control_patience": 1,
            "density_control_grad_threshold": 0.0001,
            "density_control_warmup_steps": 10,
            "density_control_cooling_factor": 0.85,
            "density_control_min_radius_fraction": 0.001
        },
        "visualization": {
            "enabled": false,
            "off_screen": true,
            "save_video": false,
            "video_filename": "sphere_filling.mp4",
            "render_interval": 5,
            "sphere_color": "blue",
            "sphere_opacity": 0.3,
            "mesh_color": "white",
            "mesh_line_width": 1.5,
            "mesh_opacity": 0.8,
            "show_sample_points": true,
            "show_surface_points": true,
            "sample_points_subsample": 100000,
            "surface_points_subsample": 100000,
            "sample_point_color": "red",
            "surface_point_color": "green",
            "point_size": 5,
            "camera_position": [
                1.0,
                1.0,
                1.0
            ],
            "camera_focal_point": [
                0.0,
                0.0,
                0.0
            ],
            "camera_view_up": [
                0.0,
                0.0,
                1.0
            ],
            "camera_azimuth": 80,
            "camera_elevation": 120,
            "camera_roll": 120,
            "camera_zoom": 1.5
        },
        "results_dir": "/Users/nn/devenv/MorphIt-1/web/examples/kuka_iiwa.spheres/spheres",
        "output_filename": "lbr_iiwa_link_0_0.json",
        "random_seed": 0
    }
}