{
    "centers": [
        [
            0.0006110132089816034,
            0.05819159373641014,
            0.051382876932621
        ],
        [
            0.01641431637108326,
            0.15817542374134064,
            -0.032781098037958145
        ],
        [
            -0.02427409216761589,
            0.15723207592964172,
            -0.02696644514799118
        ],
        [
            0.04056664928793907,
            0.158401221036911,
            0.012032863683998585
        ],
        [
            -0.027450580149888992,
            0.01320883072912693,
            0.029508711770176888
        ],
        [
            -0.03700178116559982,
            0.15852779150009155,
            0.020541861653327942
        ],
        [
            -0.01026544813066721,
            0.11678776144981384,
            0.03256399184465408
        ],
        [
            0.010537996888160706,
            -0.026428325101733208,
            0.03411160036921501
        ],
        [
            -0.02343025989830494,
            -0.025367194786667824,
            0.02673901431262493
        ],
        [
            0.030435524880886078,
            -0.0003489819064270705,
            0.027176665142178535
        ],
        [
            0.0043771471828222275,
            -0.0039500221610069275,
            0.05990763008594513
        ],
        [
            0.013615073636174202,
            0.10983163118362427,
            0.03895305097103119
        ],
        [
            0.0039232210256159306,
            0.15573011338710785,
            0.04319491237401962
        ],
        [
            -0.013009155169129372,
            0.010253853164613247,
            0.07252910733222961
        ],
        [
            0.010069962590932846,
            0.023220915347337723,
            0.07199319452047348
        ],
        [
            0.01101622637361288,
            0.09569866210222244,
            0.036704882979393005
        ],
        [
            -0.013936562463641167,
            0.030612437054514885,
            0.0682380199432373
        ],
        [
            -0.01403103955090046,
            -0.014826418831944466,
            0.05961795523762703
        ],
        [
            0.019909387454390526,
            0.1393076330423355,
            0.004885263275355101
        ],
        [
            0.02255428396165371,
            0.023553481325507164,
            0.0531303733587265
        ]
    ],
    "radii": [
        0.05803491920232773,
        0.03713536262512207,
        0.037182752043008804,
        0.034054361283779144,
        0.043466657400131226,
        0.03521503135561943,
        0.05204159766435623,
        0.043757129460573196,
        0.03864193335175514,
        0.04293518885970116,
        0.051991939544677734,
        0.04674290120601654,
        0.03673609718680382,
        0.04101469740271568,
        0.043262943625450134,
        0.037890732288360596,
        0.04182315990328789,
        0.04122888669371605,
        0.04013790935277939,
        0.03905085101723671
    ],
    "masses": [
        0.8187602758407593,
        0.21451200544834137,
        0.21533429622650146,
        0.16542714834213257,
        0.34399914741516113,
        0.18292489647865295,
        0.590391993522644,
        0.3509417772293091,
        0.24169358611106873,
        0.3315345048904419,
        0.5887035131454468,
        0.4277949035167694,
        0.20766708254814148,
        0.28900617361068726,
        0.33918508887290955,
        0.22787022590637207,
        0.3064355254173279,
        0.29355767369270325,
        0.27086496353149414,
        0.2494480460882187
    ],
    "mesh_path": "/Users/nn/devenv/MorphIt-1/web/examples/kuka_iiwa/meshes/link_4.stl",
    "num_spheres": 20,
    "per_sphere_mass": false,
    "config": {
        "model": {
            "num_spheres": 20,
            "mesh_path": "/Users/nn/devenv/MorphIt-1/web/examples/kuka_iiwa/meshes/link_4.stl",
            "device": "cpu",
            "initial_radius_variation": 0.1,
            "num_inside_samples": 5000,
            "num_surface_samples": 5000,
            "max_spheres": 25,
            "density": 1000.0,
            "per_sphere_mass": false
        },
        "training": {
            "iterations": 200,
            "verbose_frequency": 50,
            "logging_enabled": false,
            "center_lr": 0.002,
            "radius_lr": 0.005,
            "mass_lr": 0.01,
            "grad_clip_norm": 1.0,
            "coverage_weight": 1500.0,
            "overlap_weight": 0.3,
            "boundary_weight": 1.0,
            "surface_weight": 50.0,
            "containment_weight": 10.0,
            "sqem_weight": 3000.0,
            "mass_weight": 0.0,
            "com_weight": 0.0,
            "inertia_weight": 0.0,
            "flatness_weight": 0.0,
            "hausdorff_weight": 0.0,
            "mesh_containment_weight": 10.0,
            "early_stopping": false,
            "convergence_patience": 50,
            "convergence_threshold": 0.001,
            "density_control_enabled": true,
            "density_control_min_interval": 160,
            "density_control_patience": 1,
            "density_control_grad_threshold": 0.0001,
            "density_control_warmup_steps": 10,
            "density_control_cooling_factor": 0.85,
            "density_control_min_radius_fraction": 0.001
        },
        "visualization": {
            "enabled": false,
            "off_screen": true,
            "save_video": false,
            "video_filename": "sphere_filling.mp4",
            "render_interval": 5,
            "sphere_color": "blue",
            "sphere_opacity": 0.3,
            "mesh_color": "white",
            "mesh_line_width": 1.5,
            "mesh_opacity": 0.8,
            "show_sample_points": true,
            "show_surface_points": true,
            "sample_points_subsample": 100000,
            "surface_points_subsample": 100000,
            "sample_point_color": "red",
            "surface_point_color": "green",
            "point_size": 5,
            "camera_position": [
                1.0,
                1.0,
                1.0
            ],
            "camera_focal_point": [
                0.0,
                0.0,
                0.0
            ],
            "camera_view_up": [
                0.0,
                0.0,
                1.0
            ],
            "camera_azimuth": 80,
            "camera_elevation": 120,
            "camera_roll": 120,
            "camera_zoom": 1.5
        },
        "results_dir": "/Users/nn/devenv/MorphIt-1/web/examples/kuka_iiwa.spheres/spheres",
        "output_filename": "lbr_iiwa_link_4_0.json",
        "random_seed": 0
    }
}