{
    "centers": [
        [
            -0.00018496217671781778,
            -0.06107606738805771,
            0.19438794255256653
        ],
        [
            0.03889228031039238,
            0.018369382247328758,
            0.030329711735248566
        ],
        [
            -0.014719326980412006,
            -0.035512279719114304,
            0.24766536056995392
        ],
        [
            -0.007304945029318333,
            0.05251636728644371,
            0.02348427101969719
        ],
        [
            0.03350129351019859,
            -0.035940926522016525,
            0.23826685547828674
        ],
        [
            -0.05090966448187828,
            0.012763789854943752,
            0.025741610676050186
        ],
        [
            0.040607333183288574,
            -0.03199625387787819,
            0.034239862114191055
        ],
        [
            -0.009650319814682007,
            -0.05426453799009323,
            0.13813416659832
        ],
        [
            -0.05068530887365341,
            -0.030765023082494736,
            0.2210833579301834
        ],
        [
            0.05230579897761345,
            -0.029573863372206688,
            0.19162118434906006
        ],
        [
            0.017640279605984688,
            -0.04621553793549538,
            0.08653286099433899
        ],
        [
            -0.006439744960516691,
            -0.05199199914932251,
            0.03480803966522217
        ],
        [
            -0.02258352003991604,
            -0.045688875019550323,
            0.08564991503953934
        ],
        [
            -0.043023448437452316,
            -0.032719604671001434,
            0.1704278439283371
        ],
        [
            -0.03944937512278557,
            -0.03371966630220413,
            0.03614150732755661
        ],
        [
            0.02567264996469021,
            -0.04827147722244263,
            0.14958927035331726
        ],
        [
            -0.030649693682789803,
            -0.019082743674516678,
            0.050190914422273636
        ],
        [
            -0.03140098974108696,
            -0.058144066482782364,
            0.18113301694393158
        ],
        [
            -0.004666534718126059,
            0.004849642049521208,
            0.03914584591984749
        ],
        [
            0.0023560242261737585,
            0.0018500643782317638,
            0.026040224358439445
        ]
    ],
    "radii": [
        0.062284741550683975,
        0.045009613037109375,
        0.04616185277700424,
        0.03700080141425133,
        0.04536597803235054,
        0.03882323205471039,
        0.04475512355566025,
        0.059870701283216476,
        0.04063187167048454,
        0.03908616676926613,
        0.054748497903347015,
        0.043067529797554016,
        0.04980942979454994,
        0.041234809905290604,
        0.04180687665939331,
        0.052671462297439575,
        0.045347098261117935,
        0.04330311715602875,
        0.0467311330139637,
        0.039024434983730316
    ],
    "masses": [
        1.012123703956604,
        0.38194817304611206,
        0.4120389521121979,
        0.21218857169151306,
        0.391092449426651,
        0.24511148035526276,
        0.3755060136318207,
        0.8989419341087341,
        0.2809888422489166,
        0.2501254081726074,
        0.6873931884765625,
        0.3346096873283386,
        0.5176345705986023,
        0.2936842143535614,
        0.3060777485370636,
        0.6120891571044922,
        0.3906043469905853,
        0.34013086557388306,
        0.4274718463420868,
        0.24894215166568756
    ],
    "mesh_path": "/Users/nn/devenv/MorphIt-1/web/examples/kuka_iiwa/meshes/link_1.stl",
    "num_spheres": 20,
    "per_sphere_mass": false,
    "config": {
        "model": {
            "num_spheres": 20,
            "mesh_path": "/Users/nn/devenv/MorphIt-1/web/examples/kuka_iiwa/meshes/link_1.stl",
            "device": "cpu",
            "initial_radius_variation": 0.1,
            "num_inside_samples": 5000,
            "num_surface_samples": 5000,
            "max_spheres": 25,
            "density": 1000.0,
            "per_sphere_mass": false
        },
        "training": {
            "iterations": 200,
            "verbose_frequency": 50,
            "logging_enabled": false,
            "center_lr": 0.002,
            "radius_lr": 0.005,
            "mass_lr": 0.01,
            "grad_clip_norm": 1.0,
            "coverage_weight": 1500.0,
            "overlap_weight": 0.3,
            "boundary_weight": 1.0,
            "surface_weight": 50.0,
            "containment_weight": 10.0,
            "sqem_weight": 3000.0,
            "mass_weight": 0.0,
            "com_weight": 0.0,
            "inertia_weight": 0.0,
            "flatness_weight": 0.0,
            "hausdorff_weight": 0.0,
            "mesh_containment_weight": 10.0,
            "early_stopping": false,
            "convergence_patience": 50,
            "convergence_threshold": 0.001,
            "density_control_enabled": true,
            "density_control_min_interval": 160,
            "density_control_patience": 1,
            "density_control_grad_threshold": 0.0001,
            "density_control_warmup_steps": 10,
            "density_control_cooling_factor": 0.85,
            "density_control_min_radius_fraction": 0.001
        },
        "visualization": {
            "enabled": false,
            "off_screen": true,
            "save_video": false,
            "video_filename": "sphere_filling.mp4",
            "render_interval": 5,
            "sphere_color": "blue",
            "sphere_opacity": 0.3,
            "mesh_color": "white",
            "mesh_line_width": 1.5,
            "mesh_opacity": 0.8,
            "show_sample_points": true,
            "show_surface_points": true,
            "sample_points_subsample": 100000,
            "surface_points_subsample": 100000,
            "sample_point_color": "red",
            "surface_point_color": "green",
            "point_size": 5,
            "camera_position": [
                1.0,
                1.0,
                1.0
            ],
            "camera_focal_point": [
                0.0,
                0.0,
                0.0
            ],
            "camera_view_up": [
                0.0,
                0.0,
                1.0
            ],
            "camera_azimuth": 80,
            "camera_elevation": 120,
            "camera_roll": 120,
            "camera_zoom": 1.5
        },
        "results_dir": "/Users/nn/devenv/MorphIt-1/web/examples/kuka_iiwa.spheres/spheres",
        "output_filename": "lbr_iiwa_link_1_0.json",
        "random_seed": 0
    }
}