{
    "centers": [
        [
            0.0011241812026128173,
            0.024141933768987656,
            0.058985866606235504
        ],
        [
            0.000133912792080082,
            0.061581723392009735,
            0.11335098743438721
        ],
        [
            0.015444296412169933,
            0.07984251528978348,
            0.1720024049282074
        ],
        [
            0.012639961205422878,
            -0.01338084228336811,
            0.03297460079193115
        ],
        [
            -0.007975168526172638,
            0.0745997354388237,
            0.24499721825122833
        ],
        [
            -0.02738894522190094,
            0.07639210671186447,
            0.2152937799692154
        ],
        [
            0.03913552686572075,
            -0.0035355729050934315,
            0.03967657312750816
        ],
        [
            0.0006967401131987572,
            -0.03985154628753662,
            0.030982885509729385
        ],
        [
            -0.02023477666079998,
            -0.025049740448594093,
            0.033879127353429794
        ],
        [
            0.008122719824314117,
            0.04623730853199959,
            0.02087191492319107
        ],
        [
            -0.026570690795779228,
            0.02635078877210617,
            0.02118193916976452
        ],
        [
            -0.044658638536930084,
            -0.0017729743849486113,
            0.021773673593997955
        ],
        [
            0.03751533105969429,
            0.021984202787280083,
            0.01816629059612751
        ],
        [
            -0.010828673839569092,
            -0.016876809298992157,
            0.043730318546295166
        ],
        [
            0.03988552838563919,
            -0.010259710252285004,
            0.03193812444806099
        ],
        [
            -0.009394812397658825,
            0.02390432357788086,
            0.03302498906850815
        ],
        [
            0.029133308678865433,
            -0.02189916931092739,
            0.033075299113988876
        ],
        [
            0.023969164118170738,
            0.07579672336578369,
            0.22147922217845917
        ],
        [
            -0.03155425190925598,
            0.0023879199288785458,
            0.05909750983119011
        ],
        [
            -0.014825494959950447,
            0.0791940912604332,
            0.17040950059890747
        ]
    ],
    "radii": [
        0.05491543188691139,
        0.03703980892896652,
        0.029342170804739,
        0.051480069756507874,
        0.026125093922019005,
        0.02601352147758007,
        0.03686016425490379,
        0.03473745286464691,
        0.04268275201320648,
        0.028615200892090797,
        0.033979613333940506,
        0.029794029891490936,
        0.02983563207089901,
        0.03346913680434227,
        0.030407613143324852,
        0.032665982842445374,
        0.029759937897324562,
        0.029956843703985214,
        0.03808150440454483,
        0.029133189469575882
    ],
    "masses": [
        0.6937001943588257,
        0.2128603607416153,
        0.10581939667463303,
        0.5714864730834961,
        0.07468994706869125,
        0.07373709231615067,
        0.20977820456027985,
        0.17558301985263824,
        0.3257210850715637,
        0.0981474444270134,
        0.16434022784233093,
        0.11078382283449173,
        0.11124853789806366,
        0.15704427659511566,
        0.1177702471613884,
        0.14600770175457,
        0.11040396243333817,
        0.11260994523763657,
        0.23132942616939545,
        0.1035744696855545
    ],
    "mesh_path": "/Users/nn/devenv/MorphIt-1/web/examples/kuka_iiwa/meshes/link_5.stl",
    "num_spheres": 20,
    "per_sphere_mass": false,
    "config": {
        "model": {
            "num_spheres": 20,
            "mesh_path": "/Users/nn/devenv/MorphIt-1/web/examples/kuka_iiwa/meshes/link_5.stl",
            "device": "cpu",
            "initial_radius_variation": 0.1,
            "num_inside_samples": 5000,
            "num_surface_samples": 5000,
            "max_spheres": 25,
            "density": 1000.0,
            "per_sphere_mass": false
        },
        "training": {
            "iterations": 200,
            "verbose_frequency": 50,
            "logging_enabled": false,
            "center_lr": 0.002,
            "radius_lr": 0.005,
            "mass_lr": 0.01,
            "grad_clip_norm": 1.0,
            "coverage_weight": 1500.0,
            "overlap_weight": 0.3,
            "boundary_weight": 1.0,
            "surface_weight": 50.0,
            "containment_weight": 10.0,
            "sqem_weight": 3000.0,
            "mass_weight": 0.0,
            "com_weight": 0.0,
            "inertia_weight": 0.0,
            "flatness_weight": 0.0,
            "hausdorff_weight": 0.0,
            "mesh_containment_weight": 10.0,
            "early_stopping": false,
            "convergence_patience": 50,
            "convergence_threshold": 0.001,
            "density_control_enabled": true,
            "density_control_min_interval": 160,
            "density_control_patience": 1,
            "density_control_grad_threshold": 0.0001,
            "density_control_warmup_steps": 10,
            "density_control_cooling_factor": 0.85,
            "density_control_min_radius_fraction": 0.001
        },
        "visualization": {
            "enabled": false,
            "off_screen": true,
            "save_video": false,
            "video_filename": "sphere_filling.mp4",
            "render_interval": 5,
            "sphere_color": "blue",
            "sphere_opacity": 0.3,
            "mesh_color": "white",
            "mesh_line_width": 1.5,
            "mesh_opacity": 0.8,
            "show_sample_points": true,
            "show_surface_points": true,
            "sample_points_subsample": 100000,
            "surface_points_subsample": 100000,
            "sample_point_color": "red",
            "surface_point_color": "green",
            "point_size": 5,
            "camera_position": [
                1.0,
                1.0,
                1.0
            ],
            "camera_focal_point": [
                0.0,
                0.0,
                0.0
            ],
            "camera_view_up": [
                0.0,
                0.0,
                1.0
            ],
            "camera_azimuth": 80,
            "camera_elevation": 120,
            "camera_roll": 120,
            "camera_zoom": 1.5
        },
        "results_dir": "/Users/nn/devenv/MorphIt-1/web/examples/kuka_iiwa.spheres/spheres",
        "output_filename": "lbr_iiwa_link_5_0.json",
        "random_seed": 0
    }
}