{
    "centers": [
        [
            -0.018971774727106094,
            0.16045592725276947,
            0.021408414468169212
        ],
        [
            0.018029291182756424,
            0.16036270558834076,
            0.022683873772621155
        ],
        [
            0.05220121890306473,
            -0.0120517797768116,
            0.02954445220530033
        ],
        [
            -0.025261899456381798,
            0.17786607146263123,
            -0.022885123267769814
        ],
        [
            0.02522057481110096,
            0.1801571547985077,
            -0.024303307756781578
        ],
        [
            -0.00892531219869852,
            0.06518469750881195,
            0.05518430843949318
        ],
        [
            -0.0005570564535446465,
            -0.014203070662915707,
            0.06332658231258392
        ],
        [
            0.03811820223927498,
            0.034246210008859634,
            0.038461994379758835
        ],
        [
            -0.03242351859807968,
            -0.032767508178949356,
            0.035052888095378876
        ],
        [
            0.019858140498399734,
            -0.04973621293902397,
            0.031453829258680344
        ],
        [
            0.02566767856478691,
            0.09467508643865585,
            0.04683271050453186
        ],
        [
            -0.009509843774139881,
            0.013188710436224937,
            0.06867587566375732
        ],
        [
            -0.045150551944971085,
            0.018676018342375755,
            0.034388575702905655
        ],
        [
            0.016947712749242783,
            0.048740316182374954,
            0.07337979227304459
        ],
        [
            0.019084583967924118,
            -0.03195915371179581,
            0.05685814842581749
        ],
        [
            -0.0017558145336806774,
            -0.0018793034832924604,
            0.026877759024500847
        ],
        [
            0.002515141386538744,
            0.12212201952934265,
            0.04444253444671631
        ],
        [
            -0.002774036955088377,
            0.011195377446711063,
            0.04332859441637993
        ],
        [
            -0.023491743952035904,
            0.11479102820158005,
            0.040340594947338104
        ],
        [
            0.016580427065491676,
            0.0032005144748836756,
            0.07528695464134216
        ]
    ],
    "radii": [
        0.05125459283590317,
        0.05405102297663689,
        0.04094275087118149,
        0.038458362221717834,
        0.03870248422026634,
        0.06051188334822655,
        0.06674665212631226,
        0.045593664050102234,
        0.04799922555685043,
        0.041956350207328796,
        0.04542972519993782,
        0.06308303773403168,
        0.04520132392644882,
        0.04766533523797989,
        0.045561350882053375,
        0.041071005165576935,
        0.04802333563566208,
        0.04316449910402298,
        0.04344011843204498,
        0.05263243243098259
    ],
    "masses": [
        0.5640102028846741,
        0.6614550352096558,
        0.2874879539012909,
        0.23826538026332855,
        0.24283155798912048,
        0.9281338453292847,
        1.2455955743789673,
        0.39701059460639954,
        0.46322423219680786,
        0.3093724846839905,
        0.39274340867996216,
        1.0515414476394653,
        0.3868494927883148,
        0.45362454652786255,
        0.3961670696735382,
        0.2901981472969055,
        0.4639226496219635,
        0.33687493205070496,
        0.34336942434310913,
        0.6107295155525208
    ],
    "mesh_path": "/Users/nn/devenv/MorphIt-1/web/examples/kuka_iiwa/meshes/link_2.stl",
    "num_spheres": 20,
    "per_sphere_mass": false,
    "config": {
        "model": {
            "num_spheres": 20,
            "mesh_path": "/Users/nn/devenv/MorphIt-1/web/examples/kuka_iiwa/meshes/link_2.stl",
            "device": "cpu",
            "initial_radius_variation": 0.1,
            "num_inside_samples": 5000,
            "num_surface_samples": 5000,
            "max_spheres": 25,
            "density": 1000.0,
            "per_sphere_mass": false
        },
        "training": {
            "iterations": 200,
            "verbose_frequency": 50,
            "logging_enabled": false,
            "center_lr": 0.002,
            "radius_lr": 0.005,
            "mass_lr": 0.01,
            "grad_clip_norm": 1.0,
            "coverage_weight": 1500.0,
            "overlap_weight": 0.3,
            "boundary_weight": 1.0,
            "surface_weight": 50.0,
            "containment_weight": 10.0,
            "sqem_weight": 3000.0,
            "mass_weight": 0.0,
            "com_weight": 0.0,
            "inertia_weight": 0.0,
            "flatness_weight": 0.0,
            "hausdorff_weight": 0.0,
            "mesh_containment_weight": 10.0,
            "early_stopping": false,
            "convergence_patience": 50,
            "convergence_threshold": 0.001,
            "density_control_enabled": true,
            "density_control_min_interval": 160,
            "density_control_patience": 1,
            "density_control_grad_threshold": 0.0001,
            "density_control_warmup_steps": 10,
            "density_control_cooling_factor": 0.85,
            "density_control_min_radius_fraction": 0.001
        },
        "visualization": {
            "enabled": false,
            "off_screen": true,
            "save_video": false,
            "video_filename": "sphere_filling.mp4",
            "render_interval": 5,
            "sphere_color": "blue",
            "sphere_opacity": 0.3,
            "mesh_color": "white",
            "mesh_line_width": 1.5,
            "mesh_opacity": 0.8,
            "show_sample_points": true,
            "show_surface_points": true,
            "sample_points_subsample": 100000,
            "surface_points_subsample": 100000,
            "sample_point_color": "red",
            "surface_point_color": "green",
            "point_size": 5,
            "camera_position": [
                1.0,
                1.0,
                1.0
            ],
            "camera_focal_point": [
                0.0,
                0.0,
                0.0
            ],
            "camera_view_up": [
                0.0,
                0.0,
                1.0
            ],
            "camera_azimuth": 80,
            "camera_elevation": 120,
            "camera_roll": 120,
            "camera_zoom": 1.5
        },
        "results_dir": "/Users/nn/devenv/MorphIt-1/web/examples/kuka_iiwa.spheres/spheres",
        "output_filename": "lbr_iiwa_link_2_0.json",
        "random_seed": 0
    }
}