{
    "centers": [
        [
            0.016503963619470596,
            0.01495999377220869,
            0.0376305878162384
        ],
        [
            -0.018719609826803207,
            -0.02454480715095997,
            0.03254673257470131
        ],
        [
            0.000215330277569592,
            0.05150999501347542,
            0.16234277188777924
        ],
        [
            -0.017628207802772522,
            0.01706536114215851,
            0.03970684856176376
        ],
        [
            0.020991794764995575,
            0.02832445316016674,
            0.2498941570520401
        ],
        [
            -4.612459451891482e-05,
            0.056404050439596176,
            0.21885333955287933
        ],
        [
            -0.027624666690826416,
            0.02791617251932621,
            0.24695099890232086
        ],
        [
            -0.04223421588540077,
            0.02639748714864254,
            0.20684117078781128
        ],
        [
            0.04165046662092209,
            0.023504111915826797,
            0.2083590030670166
        ],
        [
            0.031110679730772972,
            -0.02165883034467697,
            0.0269029438495636
        ],
        [
            -0.009561251848936081,
            0.043114107102155685,
            0.11568833887577057
        ],
        [
            0.0014208494685590267,
            -0.004084611777216196,
            0.04885656759142876
        ],
        [
            0.0014415413606911898,
            0.033607155084609985,
            0.08268243819475174
        ],
        [
            -0.01649741642177105,
            0.01886986568570137,
            0.0771060362458229
        ],
        [
            0.01451067440211773,
            0.02427886612713337,
            0.0844268947839737
        ],
        [
            -0.01925811544060707,
            0.039348118007183075,
            0.17925000190734863
        ],
        [
            0.0076084439642727375,
            0.07076357305049896,
            0.19630330801010132
        ],
        [
            -0.01204870268702507,
            0.06433598697185516,
            0.1927741914987564
        ],
        [
            0.012892848812043667,
            0.04405779391527176,
            0.12053180485963821
        ],
        [
            0.019575335085392,
            0.046088073402643204,
            0.20001518726348877
        ]
    ],
    "radii": [
        0.05331887677311897,
        0.044793207198381424,
        0.05772503837943077,
        0.05270674079656601,
        0.03744460642337799,
        0.05705772712826729,
        0.03557158634066582,
        0.03153696656227112,
        0.03388429805636406,
        0.038456618785858154,
        0.04799634590744972,
        0.05979561805725098,
        0.04574001580476761,
        0.04731693118810654,
        0.04786686226725578,
        0.04235551133751869,
        0.04436282441020012,
        0.046602215617895126,
        0.04428499564528465,
        0.044415801763534546
    ],
    "masses": [
        0.6349383592605591,
        0.37646540999412537,
        0.8057146668434143,
        0.6133199334144592,
        0.21991579234600067,
        0.7780939340591431,
        0.18853774666786194,
        0.13138575851917267,
        0.16296114027500153,
        0.23823297023773193,
        0.4631408751010895,
        0.895564079284668,
        0.4008459746837616,
        0.44374993443489075,
        0.4594026505947113,
        0.31828662753105164,
        0.3657178282737732,
        0.42394378781318665,
        0.3637964129447937,
        0.3670295774936676
    ],
    "mesh_path": "/Users/nn/devenv/MorphIt-1/web/examples/kuka_iiwa/meshes/link_3.stl",
    "num_spheres": 20,
    "per_sphere_mass": false,
    "config": {
        "model": {
            "num_spheres": 20,
            "mesh_path": "/Users/nn/devenv/MorphIt-1/web/examples/kuka_iiwa/meshes/link_3.stl",
            "device": "cpu",
            "initial_radius_variation": 0.1,
            "num_inside_samples": 5000,
            "num_surface_samples": 5000,
            "max_spheres": 25,
            "density": 1000.0,
            "per_sphere_mass": false
        },
        "training": {
            "iterations": 200,
            "verbose_frequency": 50,
            "logging_enabled": false,
            "center_lr": 0.002,
            "radius_lr": 0.005,
            "mass_lr": 0.01,
            "grad_clip_norm": 1.0,
            "coverage_weight": 1500.0,
            "overlap_weight": 0.3,
            "boundary_weight": 1.0,
            "surface_weight": 50.0,
            "containment_weight": 10.0,
            "sqem_weight": 3000.0,
            "mass_weight": 0.0,
            "com_weight": 0.0,
            "inertia_weight": 0.0,
            "flatness_weight": 0.0,
            "hausdorff_weight": 0.0,
            "mesh_containment_weight": 10.0,
            "early_stopping": false,
            "convergence_patience": 50,
            "convergence_threshold": 0.001,
            "density_control_enabled": true,
            "density_control_min_interval": 160,
            "density_control_patience": 1,
            "density_control_grad_threshold": 0.0001,
            "density_control_warmup_steps": 10,
            "density_control_cooling_factor": 0.85,
            "density_control_min_radius_fraction": 0.001
        },
        "visualization": {
            "enabled": false,
            "off_screen": true,
            "save_video": false,
            "video_filename": "sphere_filling.mp4",
            "render_interval": 5,
            "sphere_color": "blue",
            "sphere_opacity": 0.3,
            "mesh_color": "white",
            "mesh_line_width": 1.5,
            "mesh_opacity": 0.8,
            "show_sample_points": true,
            "show_surface_points": true,
            "sample_points_subsample": 100000,
            "surface_points_subsample": 100000,
            "sample_point_color": "red",
            "surface_point_color": "green",
            "point_size": 5,
            "camera_position": [
                1.0,
                1.0,
                1.0
            ],
            "camera_focal_point": [
                0.0,
                0.0,
                0.0
            ],
            "camera_view_up": [
                0.0,
                0.0,
                1.0
            ],
            "camera_azimuth": 80,
            "camera_elevation": 120,
            "camera_roll": 120,
            "camera_zoom": 1.5
        },
        "results_dir": "/Users/nn/devenv/MorphIt-1/web/examples/kuka_iiwa.spheres/spheres",
        "output_filename": "lbr_iiwa_link_3_0.json",
        "random_seed": 0
    }
}