{
    "centers": [
        [
            0.007398029789328575,
            0.05265047773718834,
            -0.030667828395962715
        ],
        [
            0.003785860724747181,
            0.05542373284697533,
            0.03325333073735237
        ],
        [
            -0.030515072867274284,
            0.053529251366853714,
            -0.015356158837676048
        ],
        [
            0.03181003779172897,
            0.05362918600440025,
            0.0035590354818850756
        ],
        [
            -0.015936927869915962,
            0.0037185545079410076,
            -0.023228127509355545
        ],
        [
            -0.01228549238294363,
            -0.027053043246269226,
            -0.018952129408717155
        ],
        [
            0.020083213225007057,
            0.004622405394911766,
            -0.02837986871600151
        ],
        [
            0.010435235686600208,
            -0.008995478972792625,
            0.021577639505267143
        ],
        [
            -0.007996166124939919,
            -0.03350432217121124,
            0.016828183084726334
        ],
        [
            0.010781196877360344,
            -0.03815356269478798,
            0.017881324514746666
        ],
        [
            -0.03169746696949005,
            0.062370020896196365,
            0.022554786875844002
        ],
        [
            -0.029101524502038956,
            0.014651144854724407,
            0.012953191995620728
        ],
        [
            0.015078188851475716,
            -0.018329666927456856,
            -0.03410670906305313
        ],
        [
            0.03531691059470177,
            0.003208624664694071,
            0.0008248581434600055
        ],
        [
            -0.02689499221742153,
            -0.005847422406077385,
            0.012085270136594772
        ],
        [
            -0.013102232478559017,
            0.005535560194402933,
            0.02848086692392826
        ],
        [
            -0.00981407891958952,
            0.030948098748922348,
            0.025851359590888023
        ],
        [
            -0.03465244174003601,
            -0.015420224517583847,
            -0.010712958872318268
        ],
        [
            0.02697836421430111,
            -0.03117898665368557,
            -0.015237913466989994
        ],
        [
            0.0175390113145113,
            0.020928122103214264,
            0.02678796835243702
        ]
    ],
    "radii": [
        0.03373151272535324,
        0.0291408970952034,
        0.03055075742304325,
        0.031718045473098755,
        0.04838250204920769,
        0.04427872225642204,
        0.04255217686295509,
        0.046010881662368774,
        0.0523417703807354,
        0.04820181801915169,
        0.022955037653446198,
        0.0351557731628418,
        0.03649218752980232,
        0.03559543937444687,
        0.03863023966550827,
        0.03658066689968109,
        0.035126786679029465,
        0.03288932144641876,
        0.035083021968603134,
        0.03382282331585884
    ],
    "masses": [
        0.16076667606830597,
        0.10365668684244156,
        0.11944130808115005,
        0.13366197049617767,
        0.47440969944000244,
        0.36364179849624634,
        0.3227408230304718,
        0.40800946950912476,
        0.6006670594215393,
        0.4691145122051239,
        0.050666697323322296,
        0.18200300633907318,
        0.2035580426454544,
        0.18891726434230804,
        0.2414742261171341,
        0.20504230260849,
        0.1815531700849533,
        0.14902301132678986,
        0.18087542057037354,
        0.16207578778266907
    ],
    "mesh_path": "/Users/nn/devenv/MorphIt-1/web/examples/kuka_iiwa/meshes/link_6.stl",
    "num_spheres": 20,
    "per_sphere_mass": false,
    "config": {
        "model": {
            "num_spheres": 20,
            "mesh_path": "/Users/nn/devenv/MorphIt-1/web/examples/kuka_iiwa/meshes/link_6.stl",
            "device": "cpu",
            "initial_radius_variation": 0.1,
            "num_inside_samples": 5000,
            "num_surface_samples": 5000,
            "max_spheres": 25,
            "density": 1000.0,
            "per_sphere_mass": false
        },
        "training": {
            "iterations": 200,
            "verbose_frequency": 50,
            "logging_enabled": false,
            "center_lr": 0.002,
            "radius_lr": 0.005,
            "mass_lr": 0.01,
            "grad_clip_norm": 1.0,
            "coverage_weight": 1500.0,
            "overlap_weight": 0.3,
            "boundary_weight": 1.0,
            "surface_weight": 50.0,
            "containment_weight": 10.0,
            "sqem_weight": 3000.0,
            "mass_weight": 0.0,
            "com_weight": 0.0,
            "inertia_weight": 0.0,
            "flatness_weight": 0.0,
            "hausdorff_weight": 0.0,
            "mesh_containment_weight": 10.0,
            "early_stopping": false,
            "convergence_patience": 50,
            "convergence_threshold": 0.001,
            "density_control_enabled": true,
            "density_control_min_interval": 160,
            "density_control_patience": 1,
            "density_control_grad_threshold": 0.0001,
            "density_control_warmup_steps": 10,
            "density_control_cooling_factor": 0.85,
            "density_control_min_radius_fraction": 0.001
        },
        "visualization": {
            "enabled": false,
            "off_screen": true,
            "save_video": false,
            "video_filename": "sphere_filling.mp4",
            "render_interval": 5,
            "sphere_color": "blue",
            "sphere_opacity": 0.3,
            "mesh_color": "white",
            "mesh_line_width": 1.5,
            "mesh_opacity": 0.8,
            "show_sample_points": true,
            "show_surface_points": true,
            "sample_points_subsample": 100000,
            "surface_points_subsample": 100000,
            "sample_point_color": "red",
            "surface_point_color": "green",
            "point_size": 5,
            "camera_position": [
                1.0,
                1.0,
                1.0
            ],
            "camera_focal_point": [
                0.0,
                0.0,
                0.0
            ],
            "camera_view_up": [
                0.0,
                0.0,
                1.0
            ],
            "camera_azimuth": 80,
            "camera_elevation": 120,
            "camera_roll": 120,
            "camera_zoom": 1.5
        },
        "results_dir": "/Users/nn/devenv/MorphIt-1/web/examples/kuka_iiwa.spheres/spheres",
        "output_filename": "lbr_iiwa_link_6_0.json",
        "random_seed": 0
    }
}