{
    "centers": [
        [
            -0.024148371070623398,
            0.027051892131567,
            0.019155940040946007
        ],
        [
            -0.01884353719651699,
            0.09352947026491165,
            -0.012333223596215248
        ],
        [
            -0.01828518509864807,
            0.0983051136136055,
            0.016797110438346863
        ],
        [
            0.004200318828225136,
            0.06415766477584839,
            0.020859409123659134
        ],
        [
            -0.017298370599746704,
            0.09002479910850525,
            -0.04375370219349861
        ],
        [
            0.006170026492327452,
            0.0552433580160141,
            -0.04158274456858635
        ],
        [
            0.0036930565256625414,
            0.02762286737561226,
            -0.002507186960428953
        ],
        [
            -0.022760961204767227,
            0.0286137405782938,
            -0.008588803932070732
        ],
        [
            0.0034568069968372583,
            0.05847930535674095,
            -0.0009072234970517457
        ],
        [
            -0.017065536230802536,
            0.04968013986945152,
            -0.00828617624938488
        ],
        [
            -0.020460646599531174,
            0.05623509734869003,
            0.01931186020374298
        ],
        [
            0.004233016632497311,
            0.035589300096035004,
            -0.029131107032299042
        ],
        [
            -0.016140282154083252,
            0.04981469362974167,
            -0.037137966603040695
        ],
        [
            -0.0055418917909264565,
            0.06992750614881516,
            -0.046676184982061386
        ],
        [
            -0.016572294756770134,
            0.03404777869582176,
            -0.028864961117506027
        ],
        [
            -0.021008942276239395,
            0.0724821463227272,
            0.0023303066845983267
        ],
        [
            -0.018915744498372078,
            0.07886651903390884,
            0.020758217200636864
        ],
        [
            -0.019859127700328827,
            0.07111011445522308,
            -0.02285207249224186
        ],
        [
            -0.017534347251057625,
            0.0694677010178566,
            -0.041050881147384644
        ],
        [
            0.002363432664424181,
            0.055232737213373184,
            -0.02172507531940937
        ]
    ],
    "radii": [
        0.019378118216991425,
        0.016161756590008736,
        0.01639382354915142,
        0.01808634214103222,
        0.01748098060488701,
        0.015944302082061768,
        0.01979137770831585,
        0.020496012642979622,
        0.02054516226053238,
        0.025736618787050247,
        0.018003327772021294,
        0.018864721059799194,
        0.01869031973183155,
        0.01567288674414158,
        0.018970390781760216,
        0.01920340396463871,
        0.01634148508310318,
        0.017867635935544968,
        0.017878809943795204,
        0.01802646555006504
    ],
    "masses": [
        0.03048059158027172,
        0.017682932317256927,
        0.01845565252006054,
        0.024782253429293633,
        0.022376181557774544,
        0.016978727653622627,
        0.03247256949543953,
        0.03606589883565903,
        0.03632597625255585,
        0.07140737771987915,
        0.024442575871944427,
        0.02812158316373825,
        0.027348831295967102,
        0.01612633280456066,
        0.028596799820661545,
        0.029663560912013054,
        0.01827945187687874,
        0.02389405481517315,
        0.023938912898302078,
        0.024536937475204468
    ],
    "mesh_path": "/Users/nn/devenv/MorphIt-1/web/examples/valkyrie/model/meshes/arms/palm_left.dae",
    "num_spheres": 20,
    "per_sphere_mass": false,
    "config": {
        "model": {
            "num_spheres": 20,
            "mesh_path": "/Users/nn/devenv/MorphIt-1/web/examples/valkyrie/model/meshes/arms/palm_left.dae",
            "device": "cpu",
            "initial_radius_variation": 0.1,
            "num_inside_samples": 5000,
            "num_surface_samples": 5000,
            "max_spheres": 25,
            "density": 1000.0,
            "per_sphere_mass": false
        },
        "training": {
            "iterations": 200,
            "verbose_frequency": 50,
            "logging_enabled": false,
            "center_lr": 0.002,
            "radius_lr": 0.005,
            "mass_lr": 0.01,
            "grad_clip_norm": 1.0,
            "coverage_weight": 1500.0,
            "overlap_weight": 0.3,
            "boundary_weight": 1.0,
            "surface_weight": 50.0,
            "containment_weight": 10.0,
            "sqem_weight": 3000.0,
            "mass_weight": 0.0,
            "com_weight": 0.0,
            "inertia_weight": 0.0,
            "flatness_weight": 0.0,
            "hausdorff_weight": 0.0,
            "mesh_containment_weight": 10.0,
            "early_stopping": false,
            "convergence_patience": 50,
            "convergence_threshold": 0.001,
            "density_control_enabled": true,
            "density_control_min_interval": 160,
            "density_control_patience": 1,
            "density_control_grad_threshold": 0.0001,
            "density_control_warmup_steps": 10,
            "density_control_cooling_factor": 0.85,
            "density_control_min_radius_fraction": 0.001
        },
        "visualization": {
            "enabled": false,
            "off_screen": true,
            "save_video": false,
            "video_filename": "sphere_filling.mp4",
            "render_interval": 5,
            "sphere_color": "blue",
            "sphere_opacity": 0.3,
            "mesh_color": "white",
            "mesh_line_width": 1.5,
            "mesh_opacity": 0.8,
            "show_sample_points": true,
            "show_surface_points": true,
            "sample_points_subsample": 100000,
            "surface_points_subsample": 100000,
            "sample_point_color": "red",
            "surface_point_color": "green",
            "point_size": 5,
            "camera_position": [
                1.0,
                1.0,
                1.0
            ],
            "camera_focal_point": [
                0.0,
                0.0,
                0.0
            ],
            "camera_view_up": [
                0.0,
                0.0,
                1.0
            ],
            "camera_azimuth": 80,
            "camera_elevation": 120,
            "camera_roll": 120,
            "camera_zoom": 1.5
        },
        "results_dir": "/Users/nn/devenv/MorphIt-1/web/examples/valkyrie.spheres/spheres",
        "output_filename": "leftPalm_0.json",
        "random_seed": 0
    }
}