{
    "centers": [
        [
            -0.062342483550310135,
            0.017573773860931396,
            0.00471908412873745
        ],
        [
            -0.0422213189303875,
            -0.0263595562428236,
            -0.08565524965524673
        ],
        [
            0.054714739322662354,
            -0.017020657658576965,
            -0.004974557086825371
        ],
        [
            -0.04484175518155098,
            -0.023416098207235336,
            0.011220037005841732
        ],
        [
            -0.07933499664068222,
            0.00987097155302763,
            -0.04662270098924637
        ],
        [
            0.03794311359524727,
            -0.031456511467695236,
            -0.09226363897323608
        ],
        [
            -0.03805182874202728,
            -0.01898954249918461,
            -0.035310547798871994
        ],
        [
            -0.005093547981232405,
            -0.033090103417634964,
            -0.10201963037252426
        ],
        [
            0.05036669224500656,
            0.030462848022580147,
            0.020390236750245094
        ],
        [
            0.015705782920122147,
            -0.023833420127630234,
            0.01790074072778225
        ],
        [
            0.07213569432497025,
            0.004455381538718939,
            -0.029860595241189003
        ],
        [
            -0.00845134537667036,
            0.0228776503354311,
            0.01526932418346405
        ],
        [
            0.009488444775342941,
            -0.006356401368975639,
            -0.05207178741693497
        ],
        [
            0.01804281771183014,
            0.015582473017275333,
            -0.00934154074639082
        ],
        [
            0.06208063289523125,
            -0.032173290848731995,
            -0.05322767421603203
        ],
        [
            0.07149889320135117,
            0.02126985974609852,
            0.0018802013946697116
        ],
        [
            0.06790918111801147,
            -0.012864992953836918,
            -0.07083481550216675
        ],
        [
            -0.027199069038033485,
            0.006930408999323845,
            -0.02907799556851387
        ],
        [
            0.002558507025241852,
            -0.030847113579511642,
            -0.05836758390069008
        ],
        [
            -0.0004948730347678065,
            -0.027273420244455338,
            -0.022068094462156296
        ]
    ],
    "radii": [
        0.05497809872031212,
        0.05687069892883301,
        0.06424203515052795,
        0.052678681910037994,
        0.04373995214700699,
        0.05355195328593254,
        0.06008512154221535,
        0.05199238657951355,
        0.043545883148908615,
        0.04766855388879776,
        0.053384020924568176,
        0.04726313427090645,
        0.050570450723171234,
        0.05041704699397087,
        0.05015179514884949,
        0.04767083004117012,
        0.04725010320544243,
        0.04734872654080391,
        0.048253756016492844,
        0.04389939084649086
    ],
    "masses": [
        0.6960777044296265,
        0.7704674005508423,
        1.1105713844299316,
        0.6123409271240234,
        0.35052862763404846,
        0.6433014273643494,
        0.9086349606513977,
        0.5887187719345093,
        0.3458835184574127,
        0.4537164568901062,
        0.6372684836387634,
        0.44223809242248535,
        0.5417252779006958,
        0.5368102788925171,
        0.5283820629119873,
        0.45378148555755615,
        0.44187241792678833,
        0.44464507699012756,
        0.47063255310058594,
        0.35437580943107605
    ],
    "mesh_path": "/Users/nn/devenv/MorphIt-1/web/examples/valkyrie/model/meshes/legs/lj1_left.dae",
    "num_spheres": 20,
    "per_sphere_mass": false,
    "config": {
        "model": {
            "num_spheres": 20,
            "mesh_path": "/Users/nn/devenv/MorphIt-1/web/examples/valkyrie/model/meshes/legs/lj1_left.dae",
            "device": "cpu",
            "initial_radius_variation": 0.1,
            "num_inside_samples": 5000,
            "num_surface_samples": 5000,
            "max_spheres": 25,
            "density": 1000.0,
            "per_sphere_mass": false
        },
        "training": {
            "iterations": 200,
            "verbose_frequency": 50,
            "logging_enabled": false,
            "center_lr": 0.002,
            "radius_lr": 0.005,
            "mass_lr": 0.01,
            "grad_clip_norm": 1.0,
            "coverage_weight": 1500.0,
            "overlap_weight": 0.3,
            "boundary_weight": 1.0,
            "surface_weight": 50.0,
            "containment_weight": 10.0,
            "sqem_weight": 3000.0,
            "mass_weight": 0.0,
            "com_weight": 0.0,
            "inertia_weight": 0.0,
            "flatness_weight": 0.0,
            "hausdorff_weight": 0.0,
            "mesh_containment_weight": 10.0,
            "early_stopping": false,
            "convergence_patience": 50,
            "convergence_threshold": 0.001,
            "density_control_enabled": true,
            "density_control_min_interval": 160,
            "density_control_patience": 1,
            "density_control_grad_threshold": 0.0001,
            "density_control_warmup_steps": 10,
            "density_control_cooling_factor": 0.85,
            "density_control_min_radius_fraction": 0.001
        },
        "visualization": {
            "enabled": false,
            "off_screen": true,
            "save_video": false,
            "video_filename": "sphere_filling.mp4",
            "render_interval": 5,
            "sphere_color": "blue",
            "sphere_opacity": 0.3,
            "mesh_color": "white",
            "mesh_line_width": 1.5,
            "mesh_opacity": 0.8,
            "show_sample_points": true,
            "show_surface_points": true,
            "sample_points_subsample": 100000,
            "surface_points_subsample": 100000,
            "sample_point_color": "red",
            "surface_point_color": "green",
            "point_size": 5,
            "camera_position": [
                1.0,
                1.0,
                1.0
            ],
            "camera_focal_point": [
                0.0,
                0.0,
                0.0
            ],
            "camera_view_up": [
                0.0,
                0.0,
                1.0
            ],
            "camera_azimuth": 80,
            "camera_elevation": 120,
            "camera_roll": 120,
            "camera_zoom": 1.5
        },
        "results_dir": "/Users/nn/devenv/MorphIt-1/web/examples/valkyrie.spheres/spheres",
        "output_filename": "leftHipYawLink_0.json",
        "random_seed": 0
    }
}