{
    "centers": [
        [
            -0.04683035984635353,
            0.04339359328150749,
            0.037645936012268066
        ],
        [
            -0.01227099820971489,
            -0.002909112023189664,
            -0.036335308104753494
        ],
        [
            -0.07725053280591965,
            0.054348282516002655,
            0.04052887484431267
        ],
        [
            -0.0525517500936985,
            0.0370018370449543,
            -0.004540714435279369
        ],
        [
            -0.08873108774423599,
            0.05388572812080383,
            -0.006292927544564009
        ],
        [
            0.006307651754468679,
            0.013983167707920074,
            -0.040917057543992996
        ],
        [
            -0.04030267521739006,
            0.04465389624238014,
            -0.04513807222247124
        ],
        [
            -0.10179747641086578,
            0.09083309024572372,
            -0.0017022278625518084
        ],
        [
            -0.013460332527756691,
            0.056361231952905655,
            0.0206462312489748
        ],
        [
            -0.020796792581677437,
            0.047547414898872375,
            -0.016121521592140198
        ],
        [
            -0.0721895843744278,
            0.05143342539668083,
            -0.04499250277876854
        ],
        [
            -0.09449157863855362,
            0.08245814591646194,
            -0.032905593514442444
        ],
        [
            0.02392749860882759,
            0.009728160686790943,
            -0.020805953070521355
        ],
        [
            0.02395002357661724,
            -0.006083665415644646,
            -0.047319311648607254
        ],
        [
            0.01881553791463375,
            -0.01947958953678608,
            -0.020839883014559746
        ],
        [
            0.001712622819468379,
            0.04785800352692604,
            -0.011250958777964115
        ],
        [
            -0.07787017524242401,
            0.08102819323539734,
            -0.05706147104501724
        ],
        [
            -0.0053951917216181755,
            -0.028296584263443947,
            -0.02005048096179962
        ],
        [
            -0.0932229608297348,
            0.08347402513027191,
            0.034923385828733444
        ],
        [
            0.007095983251929283,
            -0.02367008849978447,
            -0.0473458468914032
        ]
    ],
    "radii": [
        0.025381552055478096,
        0.04152243211865425,
        0.023275382816791534,
        0.03109310008585453,
        0.023077279329299927,
        0.036486051976680756,
        0.021716434508562088,
        0.017740031704306602,
        0.018188606947660446,
        0.020811481401324272,
        0.02108560875058174,
        0.016811329871416092,
        0.027891846373677254,
        0.025615140795707703,
        0.02515275403857231,
        0.02063346467912197,
        0.017660655081272125,
        0.0231120977550745,
        0.018374193459749222,
        0.02553822100162506
    ],
    "masses": [
        0.06849251687526703,
        0.2998726963996887,
        0.052817653864622116,
        0.12591592967510223,
        0.051480457186698914,
        0.20345540344715118,
        0.04289969056844711,
        0.023385772481560707,
        0.025205012410879135,
        0.03775700926780701,
        0.039268746972084045,
        0.019901912659406662,
        0.09089089930057526,
        0.07040100544691086,
        0.0666569173336029,
        0.03679637610912323,
        0.023073263466358185,
        0.05171383172273636,
        0.025984445586800575,
        0.06976868212223053
    ],
    "mesh_path": "/Users/nn/devenv/MorphIt-1/web/examples/valkyrie/model/meshes/arms/aj4_left.dae",
    "num_spheres": 20,
    "per_sphere_mass": false,
    "config": {
        "model": {
            "num_spheres": 20,
            "mesh_path": "/Users/nn/devenv/MorphIt-1/web/examples/valkyrie/model/meshes/arms/aj4_left.dae",
            "device": "cpu",
            "initial_radius_variation": 0.1,
            "num_inside_samples": 5000,
            "num_surface_samples": 5000,
            "max_spheres": 25,
            "density": 1000.0,
            "per_sphere_mass": false
        },
        "training": {
            "iterations": 200,
            "verbose_frequency": 50,
            "logging_enabled": false,
            "center_lr": 0.002,
            "radius_lr": 0.005,
            "mass_lr": 0.01,
            "grad_clip_norm": 1.0,
            "coverage_weight": 1500.0,
            "overlap_weight": 0.3,
            "boundary_weight": 1.0,
            "surface_weight": 50.0,
            "containment_weight": 10.0,
            "sqem_weight": 3000.0,
            "mass_weight": 0.0,
            "com_weight": 0.0,
            "inertia_weight": 0.0,
            "flatness_weight": 0.0,
            "hausdorff_weight": 0.0,
            "mesh_containment_weight": 10.0,
            "early_stopping": false,
            "convergence_patience": 50,
            "convergence_threshold": 0.001,
            "density_control_enabled": true,
            "density_control_min_interval": 160,
            "density_control_patience": 1,
            "density_control_grad_threshold": 0.0001,
            "density_control_warmup_steps": 10,
            "density_control_cooling_factor": 0.85,
            "density_control_min_radius_fraction": 0.001
        },
        "visualization": {
            "enabled": false,
            "off_screen": true,
            "save_video": false,
            "video_filename": "sphere_filling.mp4",
            "render_interval": 5,
            "sphere_color": "blue",
            "sphere_opacity": 0.3,
            "mesh_color": "white",
            "mesh_line_width": 1.5,
            "mesh_opacity": 0.8,
            "show_sample_points": true,
            "show_surface_points": true,
            "sample_points_subsample": 100000,
            "surface_points_subsample": 100000,
            "sample_point_color": "red",
            "surface_point_color": "green",
            "point_size": 5,
            "camera_position": [
                1.0,
                1.0,
                1.0
            ],
            "camera_focal_point": [
                0.0,
                0.0,
                0.0
            ],
            "camera_view_up": [
                0.0,
                0.0,
                1.0
            ],
            "camera_azimuth": 80,
            "camera_elevation": 120,
            "camera_roll": 120,
            "camera_zoom": 1.5
        },
        "results_dir": "/Users/nn/devenv/MorphIt-1/web/examples/valkyrie.spheres/spheres",
        "output_filename": "leftElbowPitchLink_0.json",
        "random_seed": 0
    }
}