{
    "centers": [
        [
            -0.04381575807929039,
            -0.016066590324044228,
            0.18978071212768555
        ],
        [
            -0.041806288063526154,
            0.015395977534353733,
            0.13828186690807343
        ],
        [
            -0.07375955581665039,
            -0.01721520535647869,
            0.21697330474853516
        ],
        [
            -0.04529779776930809,
            -0.014686615206301212,
            0.14496935904026031
        ],
        [
            0.0009625073871575296,
            -0.0002556524705141783,
            0.15550896525382996
        ],
        [
            -0.06977663189172745,
            -0.0165654718875885,
            0.16555805504322052
        ],
        [
            -0.01970272697508335,
            -0.005993155296891928,
            0.10872799158096313
        ],
        [
            0.021263906732201576,
            -0.010161208920180798,
            0.10769502818584442
        ],
        [
            0.016222108155488968,
            0.01751408725976944,
            0.10394902527332306
        ],
        [
            -0.024513142183423042,
            -0.01957288198173046,
            0.13126258552074432
        ],
        [
            -0.01759103313088417,
            0.018582629039883614,
            0.12612345814704895
        ],
        [
            1.5035111573524773e-05,
            -0.02465040795505047,
            0.10381215065717697
        ],
        [
            -0.00944599136710167,
            0.02071852795779705,
            0.10735827684402466
        ],
        [
            0.0027558475267142057,
            0.0014258237788453698,
            0.11098146438598633
        ],
        [
            -0.04448982700705528,
            -0.015649134293198586,
            0.22238051891326904
        ],
        [
            0.009866250678896904,
            0.01968293823301792,
            0.12044292688369751
        ],
        [
            0.022865179926156998,
            0.0036577684804797173,
            0.12079252302646637
        ],
        [
            0.018583685159683228,
            -0.014750879257917404,
            0.12012278288602829
        ],
        [
            -0.08416954427957535,
            -0.014504944905638695,
            0.19050616025924683
        ],
        [
            -0.0003357048553880304,
            -0.02222202718257904,
            0.11917970329523087
        ]
    ],
    "radii": [
        0.020589876919984818,
        0.019177613779902458,
        0.015613867901265621,
        0.02089736983180046,
        0.024680955335497856,
        0.014613333158195019,
        0.026027079671621323,
        0.02418428659439087,
        0.021266505122184753,
        0.0164039209485054,
        0.018073346465826035,
        0.020233141258358955,
        0.02355501987040043,
        0.021285993978381157,
        0.01606319472193718,
        0.021562518551945686,
        0.02047860622406006,
        0.01981242187321186,
        0.016313359141349792,
        0.020741362124681473
    ],
    "masses": [
        0.036563679575920105,
        0.029544202610850334,
        0.015944838523864746,
        0.0382264070212841,
        0.0629759132862091,
        0.013071831315755844,
        0.07385244965553284,
        0.059250012040138245,
        0.04028811678290367,
        0.0184897743165493,
        0.024728873744606972,
        0.034695930778980255,
        0.05474431440234184,
        0.0403989814221859,
        0.017361385747790337,
        0.04199398308992386,
        0.03597408905625343,
        0.032576266676187515,
        0.01818522997200489,
        0.03737665340304375
    ],
    "mesh_path": "/Users/nn/devenv/MorphIt-1/web/examples/valkyrie/model/meshes/head/neckj2.dae",
    "num_spheres": 20,
    "per_sphere_mass": false,
    "config": {
        "model": {
            "num_spheres": 20,
            "mesh_path": "/Users/nn/devenv/MorphIt-1/web/examples/valkyrie/model/meshes/head/neckj2.dae",
            "device": "cpu",
            "initial_radius_variation": 0.1,
            "num_inside_samples": 5000,
            "num_surface_samples": 5000,
            "max_spheres": 25,
            "density": 1000.0,
            "per_sphere_mass": false
        },
        "training": {
            "iterations": 200,
            "verbose_frequency": 50,
            "logging_enabled": false,
            "center_lr": 0.002,
            "radius_lr": 0.005,
            "mass_lr": 0.01,
            "grad_clip_norm": 1.0,
            "coverage_weight": 1500.0,
            "overlap_weight": 0.3,
            "boundary_weight": 1.0,
            "surface_weight": 50.0,
            "containment_weight": 10.0,
            "sqem_weight": 3000.0,
            "mass_weight": 0.0,
            "com_weight": 0.0,
            "inertia_weight": 0.0,
            "flatness_weight": 0.0,
            "hausdorff_weight": 0.0,
            "mesh_containment_weight": 10.0,
            "early_stopping": false,
            "convergence_patience": 50,
            "convergence_threshold": 0.001,
            "density_control_enabled": true,
            "density_control_min_interval": 160,
            "density_control_patience": 1,
            "density_control_grad_threshold": 0.0001,
            "density_control_warmup_steps": 10,
            "density_control_cooling_factor": 0.85,
            "density_control_min_radius_fraction": 0.001
        },
        "visualization": {
            "enabled": false,
            "off_screen": true,
            "save_video": false,
            "video_filename": "sphere_filling.mp4",
            "render_interval": 5,
            "sphere_color": "blue",
            "sphere_opacity": 0.3,
            "mesh_color": "white",
            "mesh_line_width": 1.5,
            "mesh_opacity": 0.8,
            "show_sample_points": true,
            "show_surface_points": true,
            "sample_points_subsample": 100000,
            "surface_points_subsample": 100000,
            "sample_point_color": "red",
            "surface_point_color": "green",
            "point_size": 5,
            "camera_position": [
                1.0,
                1.0,
                1.0
            ],
            "camera_focal_point": [
                0.0,
                0.0,
                0.0
            ],
            "camera_view_up": [
                0.0,
                0.0,
                1.0
            ],
            "camera_azimuth": 80,
            "camera_elevation": 120,
            "camera_roll": 120,
            "camera_zoom": 1.5
        },
        "results_dir": "/Users/nn/devenv/MorphIt-1/web/examples/valkyrie.spheres/spheres",
        "output_filename": "neckYawLink_0.json",
        "random_seed": 0
    }
}