{
    "centers": [
        [
            -0.05061886087059975,
            -0.04666346311569214,
            -0.04029445722699165
        ],
        [
            -0.09053698927164078,
            -0.055031780153512955,
            0.004728699568659067
        ],
        [
            -0.08939197659492493,
            -0.0830918550491333,
            -0.04165884479880333
        ],
        [
            -0.016626253724098206,
            0.011718105524778366,
            0.02633647620677948
        ],
        [
            0.005597224459052086,
            -0.012860151939094067,
            0.03889903798699379
        ],
        [
            -0.09619913250207901,
            -0.08782290667295456,
            0.028653977438807487
        ],
        [
            -0.07401508837938309,
            -0.05399515479803085,
            0.04536684602499008
        ],
        [
            -0.051895447075366974,
            -0.03813065588474274,
            0.0012456871336326003
        ],
        [
            -0.09973769634962082,
            -0.09017952531576157,
            -0.005984968971461058
        ],
        [
            -0.002950432011857629,
            -0.05098240450024605,
            0.009935427457094193
        ],
        [
            0.020512834191322327,
            -0.01012794766575098,
            0.025191424414515495
        ],
        [
            0.012201170437037945,
            0.015474094077944756,
            0.026728985831141472
        ],
        [
            -0.013497346080839634,
            -0.05344221368432045,
            -0.016649801284074783
        ],
        [
            -0.029726894572377205,
            -0.022397520020604134,
            0.02078344114124775
        ],
        [
            -0.005469891708344221,
            0.020240144804120064,
            0.04616599157452583
        ],
        [
            -0.021521488204598427,
            -0.00040565698873251677,
            0.045674365013837814
        ],
        [
            -0.08079490810632706,
            -0.0948227122426033,
            0.05436073988676071
        ],
        [
            0.021735703572630882,
            0.009403820149600506,
            0.04649510607123375
        ],
        [
            -0.03458474949002266,
            -0.04401562362909317,
            0.03881429508328438
        ],
        [
            -0.08136802166700363,
            -0.05348006263375282,
            -0.04020584747195244
        ]
    ],
    "radii": [
        0.024525770917534828,
        0.023432474583387375,
        0.019894031807780266,
        0.033365171402692795,
        0.03868697211146355,
        0.01771184802055359,
        0.02151498757302761,
        0.031909871846437454,
        0.016941415145993233,
        0.021150266751646996,
        0.03153279423713684,
        0.03293592110276222,
        0.020937824621796608,
        0.02477254532277584,
        0.02883816324174404,
        0.028837574645876884,
        0.02064773626625538,
        0.027829337865114212,
        0.025426993146538734,
        0.02122817188501358
    ],
    "masses": [
        0.06179546192288399,
        0.05389432609081268,
        0.032980483025312424,
        0.15558533370494843,
        0.2425396889448166,
        0.023274492472410202,
        0.041716884821653366,
        0.13610176742076874,
        0.020367497578263283,
        0.03963110223412514,
        0.1313336342573166,
        0.14965733885765076,
        0.038448840379714966,
        0.06367962807416916,
        0.10045958310365677,
        0.10045342892408371,
        0.03687278553843498,
        0.0902811735868454,
        0.06886104494333267,
        0.04007064551115036
    ],
    "mesh_path": "/Users/nn/devenv/MorphIt-1/web/examples/valkyrie/model/meshes/arms/aj4_right.dae",
    "num_spheres": 20,
    "per_sphere_mass": false,
    "config": {
        "model": {
            "num_spheres": 20,
            "mesh_path": "/Users/nn/devenv/MorphIt-1/web/examples/valkyrie/model/meshes/arms/aj4_right.dae",
            "device": "cpu",
            "initial_radius_variation": 0.1,
            "num_inside_samples": 5000,
            "num_surface_samples": 5000,
            "max_spheres": 25,
            "density": 1000.0,
            "per_sphere_mass": false
        },
        "training": {
            "iterations": 200,
            "verbose_frequency": 50,
            "logging_enabled": false,
            "center_lr": 0.002,
            "radius_lr": 0.005,
            "mass_lr": 0.01,
            "grad_clip_norm": 1.0,
            "coverage_weight": 1500.0,
            "overlap_weight": 0.3,
            "boundary_weight": 1.0,
            "surface_weight": 50.0,
            "containment_weight": 10.0,
            "sqem_weight": 3000.0,
            "mass_weight": 0.0,
            "com_weight": 0.0,
            "inertia_weight": 0.0,
            "flatness_weight": 0.0,
            "hausdorff_weight": 0.0,
            "mesh_containment_weight": 10.0,
            "early_stopping": false,
            "convergence_patience": 50,
            "convergence_threshold": 0.001,
            "density_control_enabled": true,
            "density_control_min_interval": 160,
            "density_control_patience": 1,
            "density_control_grad_threshold": 0.0001,
            "density_control_warmup_steps": 10,
            "density_control_cooling_factor": 0.85,
            "density_control_min_radius_fraction": 0.001
        },
        "visualization": {
            "enabled": false,
            "off_screen": true,
            "save_video": false,
            "video_filename": "sphere_filling.mp4",
            "render_interval": 5,
            "sphere_color": "blue",
            "sphere_opacity": 0.3,
            "mesh_color": "white",
            "mesh_line_width": 1.5,
            "mesh_opacity": 0.8,
            "show_sample_points": true,
            "show_surface_points": true,
            "sample_points_subsample": 100000,
            "surface_points_subsample": 100000,
            "sample_point_color": "red",
            "surface_point_color": "green",
            "point_size": 5,
            "camera_position": [
                1.0,
                1.0,
                1.0
            ],
            "camera_focal_point": [
                0.0,
                0.0,
                0.0
            ],
            "camera_view_up": [
                0.0,
                0.0,
                1.0
            ],
            "camera_azimuth": 80,
            "camera_elevation": 120,
            "camera_roll": 120,
            "camera_zoom": 1.5
        },
        "results_dir": "/Users/nn/devenv/MorphIt-1/web/examples/valkyrie.spheres/spheres",
        "output_filename": "rightElbowPitchLink_0.json",
        "random_seed": 0
    }
}