{
    "centers": [
        [
            -0.00214192783460021,
            0.03222360089421272,
            0.008527417667210102
        ],
        [
            0.15825897455215454,
            0.0011828201822936535,
            -0.0789361447095871
        ],
        [
            -0.002320102881640196,
            -0.032440945506095886,
            0.009625864215195179
        ],
        [
            0.05254310369491577,
            -0.053243737667798996,
            0.04346049949526787
        ],
        [
            0.122246153652668,
            -0.0627642273902893,
            0.05031868442893028
        ],
        [
            0.06968868523836136,
            -0.06958883255720139,
            -0.0249942559748888
        ],
        [
            0.042942292988300323,
            0.05851967632770538,
            0.03826497122645378
        ],
        [
            0.1088072657585144,
            0.06166122108697891,
            0.05643291026353836
        ],
        [
            0.0201303418725729,
            -3.875150650856085e-05,
            0.06126616522669792
        ],
        [
            0.12099213898181915,
            -0.036661140620708466,
            -0.04044513404369354
        ],
        [
            0.08547920733690262,
            -0.004078794736415148,
            0.08568001538515091
        ],
        [
            0.07406158745288849,
            0.0707617923617363,
            -0.027182159945368767
        ],
        [
            0.15023784339427948,
            0.00017756731540430337,
            0.08325814455747604
        ],
        [
            0.15599492192268372,
            0.06648147851228714,
            0.059480998665094376
        ],
        [
            0.06803430616855621,
            0.002900124527513981,
            -0.009573430754244328
        ],
        [
            0.1196824386715889,
            0.03582591935992241,
            -0.0441061370074749
        ],
        [
            0.15612830221652985,
            -0.06417932361364365,
            0.059970010071992874
        ],
        [
            0.07030662149190903,
            0.041351404041051865,
            0.0640939474105835
        ],
        [
            0.16079510748386383,
            -0.0020084581337869167,
            0.025598665699362755
        ],
        [
            0.13011027872562408,
            0.045413799583911896,
            0.009559907019138336
        ]
    ],
    "radii": [
        0.07080233842134476,
        0.06482771784067154,
        0.06867317855358124,
        0.0723789632320404,
        0.06586203724145889,
        0.05750845745205879,
        0.06409583240747452,
        0.06598173826932907,
        0.06517726927995682,
        0.06372664123773575,
        0.06271512061357498,
        0.055378902703523636,
        0.055530332028865814,
        0.05354224517941475,
        0.06761711090803146,
        0.05965041741728783,
        0.05520184710621834,
        0.06376901268959045,
        0.056787047535181046,
        0.06220574304461479
    ],
    "masses": [
        1.4867275953292847,
        1.1412237882614136,
        1.356594443321228,
        1.5882748365402222,
        1.19672429561615,
        0.796679675579071,
        1.1030062437057495,
        1.2032610177993774,
        1.159783959388733,
        1.0840559005737305,
        1.033249855041504,
        0.7114127278327942,
        0.7172645330429077,
        0.6429516673088074,
        1.2949661016464233,
        0.8890558481216431,
        0.7046110033988953,
        1.0862196683883667,
        0.7670726180076599,
        1.008277416229248
    ],
    "mesh_path": "/Users/nn/devenv/MorphIt-1/web/examples/valkyrie/model/meshes/head/head_multisense_no_visor.dae",
    "num_spheres": 20,
    "per_sphere_mass": false,
    "config": {
        "model": {
            "num_spheres": 20,
            "mesh_path": "/Users/nn/devenv/MorphIt-1/web/examples/valkyrie/model/meshes/head/head_multisense_no_visor.dae",
            "device": "cpu",
            "initial_radius_variation": 0.1,
            "num_inside_samples": 5000,
            "num_surface_samples": 5000,
            "max_spheres": 25,
            "density": 1000.0,
            "per_sphere_mass": false
        },
        "training": {
            "iterations": 200,
            "verbose_frequency": 50,
            "logging_enabled": false,
            "center_lr": 0.002,
            "radius_lr": 0.005,
            "mass_lr": 0.01,
            "grad_clip_norm": 1.0,
            "coverage_weight": 1500.0,
            "overlap_weight": 0.3,
            "boundary_weight": 1.0,
            "surface_weight": 50.0,
            "containment_weight": 10.0,
            "sqem_weight": 3000.0,
            "mass_weight": 0.0,
            "com_weight": 0.0,
            "inertia_weight": 0.0,
            "flatness_weight": 0.0,
            "hausdorff_weight": 0.0,
            "mesh_containment_weight": 10.0,
            "early_stopping": false,
            "convergence_patience": 50,
            "convergence_threshold": 0.001,
            "density_control_enabled": true,
            "density_control_min_interval": 160,
            "density_control_patience": 1,
            "density_control_grad_threshold": 0.0001,
            "density_control_warmup_steps": 10,
            "density_control_cooling_factor": 0.85,
            "density_control_min_radius_fraction": 0.001
        },
        "visualization": {
            "enabled": false,
            "off_screen": true,
            "save_video": false,
            "video_filename": "sphere_filling.mp4",
            "render_interval": 5,
            "sphere_color": "blue",
            "sphere_opacity": 0.3,
            "mesh_color": "white",
            "mesh_line_width": 1.5,
            "mesh_opacity": 0.8,
            "show_sample_points": true,
            "show_surface_points": true,
            "sample_points_subsample": 100000,
            "surface_points_subsample": 100000,
            "sample_point_color": "red",
            "surface_point_color": "green",
            "point_size": 5,
            "camera_position": [
                1.0,
                1.0,
                1.0
            ],
            "camera_focal_point": [
                0.0,
                0.0,
                0.0
            ],
            "camera_view_up": [
                0.0,
                0.0,
                1.0
            ],
            "camera_azimuth": 80,
            "camera_elevation": 120,
            "camera_roll": 120,
            "camera_zoom": 1.5
        },
        "results_dir": "/Users/nn/devenv/MorphIt-1/web/examples/valkyrie.spheres/spheres",
        "output_filename": "upperNeckPitchLink_0.json",
        "random_seed": 0
    }
}