{
    "centers": [
        [
            -0.011352983303368092,
            0.00015536100545432419,
            0.06841163337230682
        ],
        [
            -0.008990642614662647,
            0.014601944014430046,
            0.01785697415471077
        ],
        [
            -0.013002577237784863,
            -0.010335755534470081,
            0.017298810184001923
        ],
        [
            0.008228827267885208,
            0.014094410464167595,
            0.01787913776934147
        ],
        [
            0.009034765884280205,
            0.0011497653322294354,
            0.05159527808427811
        ],
        [
            0.015111842192709446,
            -0.012893177568912506,
            0.016431190073490143
        ],
        [
            0.018054170534014702,
            0.005454666446894407,
            0.020974602550268173
        ],
        [
            0.018167156726121902,
            0.009356599301099777,
            0.03900878503918648
        ],
        [
            -0.016732022166252136,
            -0.00260112714022398,
            0.03313138708472252
        ],
        [
            -0.0015717310598120093,
            -0.021041633561253548,
            0.013106382451951504
        ],
        [
            -0.018972773104906082,
            0.010067311115562916,
            0.034887395799160004
        ],
        [
            0.01229031290858984,
            0.00041611012420617044,
            0.07077036052942276
        ],
        [
            0.001410144381225109,
            -0.011383142322301865,
            0.030170511454343796
        ],
        [
            -0.017710018903017044,
            -0.0027464991435408592,
            0.05054464563727379
        ],
        [
            -0.003037228249013424,
            0.011646462604403496,
            0.040082432329654694
        ],
        [
            -0.01827092282474041,
            0.004421444144099951,
            0.01983744278550148
        ],
        [
            -0.006913288962095976,
            0.008718475699424744,
            0.05602090433239937
        ],
        [
            -0.017133047804236412,
            0.008187362924218178,
            0.04985606670379639
        ],
        [
            0.01849418692290783,
            -0.0024567043874412775,
            0.03374188020825386
        ],
        [
            -0.005441481713205576,
            -0.009081649594008923,
            0.05166766420006752
        ]
    ],
    "radii": [
        0.026559744030237198,
        0.022534135729074478,
        0.022126074880361557,
        0.02306142821907997,
        0.03224065154790878,
        0.019384227693080902,
        0.023941414430737495,
        0.02449163980782032,
        0.024954888969659805,
        0.016477344557642937,
        0.022878024727106094,
        0.02462049201130867,
        0.0244027990847826,
        0.023368926718831062,
        0.02283795177936554,
        0.023081516847014427,
        0.02298980951309204,
        0.023194292560219765,
        0.02329891547560692,
        0.023833412677049637
    ],
    "masses": [
        0.07848022878170013,
        0.04793043062090874,
        0.04537344351410866,
        0.05137445405125618,
        0.14037831127643585,
        0.030509430915117264,
        0.05748281255364418,
        0.06153782829642296,
        0.0650961771607399,
        0.018739165738224983,
        0.050158459693193436,
        0.06251421570777893,
        0.06087059527635574,
        0.05345703661441803,
        0.04989534616470337,
        0.0515088252723217,
        0.05089729651808739,
        0.05226753279566765,
        0.052978016436100006,
        0.05670838803052902
    ],
    "mesh_path": "/Users/nn/devenv/MorphIt-1/web/examples/yumi/meshes/gripper/coarse/base.stl",
    "num_spheres": 20,
    "per_sphere_mass": false,
    "config": {
        "model": {
            "num_spheres": 20,
            "mesh_path": "/Users/nn/devenv/MorphIt-1/web/examples/yumi/meshes/gripper/coarse/base.stl",
            "device": "cpu",
            "initial_radius_variation": 0.1,
            "num_inside_samples": 5000,
            "num_surface_samples": 5000,
            "max_spheres": 25,
            "density": 1000.0,
            "per_sphere_mass": false
        },
        "training": {
            "iterations": 200,
            "verbose_frequency": 50,
            "logging_enabled": false,
            "center_lr": 0.002,
            "radius_lr": 0.005,
            "mass_lr": 0.01,
            "grad_clip_norm": 1.0,
            "coverage_weight": 1500.0,
            "overlap_weight": 0.3,
            "boundary_weight": 1.0,
            "surface_weight": 50.0,
            "containment_weight": 10.0,
            "sqem_weight": 3000.0,
            "mass_weight": 0.0,
            "com_weight": 0.0,
            "inertia_weight": 0.0,
            "flatness_weight": 0.0,
            "hausdorff_weight": 0.0,
            "mesh_containment_weight": 10.0,
            "early_stopping": false,
            "convergence_patience": 50,
            "convergence_threshold": 0.001,
            "density_control_enabled": true,
            "density_control_min_interval": 160,
            "density_control_patience": 1,
            "density_control_grad_threshold": 0.0001,
            "density_control_warmup_steps": 10,
            "density_control_cooling_factor": 0.85,
            "density_control_min_radius_fraction": 0.001
        },
        "visualization": {
            "enabled": false,
            "off_screen": true,
            "save_video": false,
            "video_filename": "sphere_filling.mp4",
            "render_interval": 5,
            "sphere_color": "blue",
            "sphere_opacity": 0.3,
            "mesh_color": "white",
            "mesh_line_width": 1.5,
            "mesh_opacity": 0.8,
            "show_sample_points": true,
            "show_surface_points": true,
            "sample_points_subsample": 100000,
            "surface_points_subsample": 100000,
            "sample_point_color": "red",
            "surface_point_color": "green",
            "point_size": 5,
            "camera_position": [
                1.0,
                1.0,
                1.0
            ],
            "camera_focal_point": [
                0.0,
                0.0,
                0.0
            ],
            "camera_view_up": [
                0.0,
                0.0,
                1.0
            ],
            "camera_azimuth": 80,
            "camera_elevation": 120,
            "camera_roll": 120,
            "camera_zoom": 1.5
        },
        "results_dir": "/Users/nn/devenv/MorphIt-1/web/examples/yumi.spheres/spheres",
        "output_filename": "gripper_r_base_0.json",
        "random_seed": 0
    }
}