{
    "centers": [
        [
            0.018707256764173508,
            -0.04313020780682564,
            0.07384279370307922
        ],
        [
            -0.03193725645542145,
            -0.0067761060781776905,
            0.01990150287747383
        ],
        [
            0.0020169089548289776,
            -0.04011237248778343,
            0.08810398727655411
        ],
        [
            -0.01944400742650032,
            0.024366110563278198,
            0.01796114258468151
        ],
        [
            -0.0002864939160645008,
            -0.023847386240959167,
            0.037529800087213516
        ],
        [
            0.016197914257645607,
            0.03075970523059368,
            0.012616844847798347
        ],
        [
            0.03553210571408272,
            -0.0027042708825320005,
            0.016467904672026634
        ],
        [
            0.026282640174031258,
            -0.03453260287642479,
            0.11868028342723846
        ],
        [
            0.054178547114133835,
            -0.03216657415032387,
            0.10438791662454605
        ],
        [
            0.0482521578669548,
            -0.05047694593667984,
            0.10750506073236465
        ],
        [
            0.026043899357318878,
            -0.04909458011388779,
            0.11680782586336136
        ],
        [
            -0.015803497284650803,
            -0.037822458893060684,
            0.016163574531674385
        ],
        [
            0.003020272357389331,
            -0.02355351857841015,
            0.023372434079647064
        ],
        [
            0.006330445874482393,
            -0.026219401508569717,
            0.02670148015022278
        ],
        [
            -0.006600780878216028,
            -0.0336538702249527,
            0.03880432993173599
        ],
        [
            0.004962732549756765,
            -0.025493940338492393,
            0.0278041809797287
        ],
        [
            -0.02304241620004177,
            -0.018084537237882614,
            0.04449345916509628
        ],
        [
            0.04391377046704292,
            -0.05278361588716507,
            0.08330465853214264
        ],
        [
            0.01786198653280735,
            -0.03216668218374252,
            0.022059187293052673
        ],
        [
            0.0411161407828331,
            -0.02983004041016102,
            0.06944194436073303
        ]
    ],
    "radii": [
        0.0369868241250515,
        0.030514022335410118,
        0.039938896894454956,
        0.03082367591559887,
        0.02828073687851429,
        0.026142695918679237,
        0.028198769316077232,
        0.037443872541189194,
        0.031472738832235336,
        0.032643646001815796,
        0.036366987973451614,
        0.02459953911602497,
        0.026998097077012062,
        0.026692209765315056,
        0.03292534872889519,
        0.027066031470894814,
        0.026767374947667122,
        0.029370732605457306,
        0.02728063426911831,
        0.029278984293341637
    ],
    "masses": [
        0.2119482010602951,
        0.11901096254587173,
        0.2668558955192566,
        0.1226709857583046,
        0.09474597871303558,
        0.07484102249145508,
        0.09392453730106354,
        0.2199028581380844,
        0.13058467209339142,
        0.14570839703083038,
        0.20147009193897247,
        0.06235474348068237,
        0.08243052661418915,
        0.0796603411436081,
        0.14951327443122864,
        0.08305434137582779,
        0.08033521473407745,
        0.10612872242927551,
        0.08504562824964523,
        0.10513725131750107
    ],
    "mesh_path": "/Users/nn/devenv/MorphIt-1/web/examples/yumi/meshes/coarse/link_1.stl",
    "num_spheres": 20,
    "per_sphere_mass": false,
    "config": {
        "model": {
            "num_spheres": 20,
            "mesh_path": "/Users/nn/devenv/MorphIt-1/web/examples/yumi/meshes/coarse/link_1.stl",
            "device": "cpu",
            "initial_radius_variation": 0.1,
            "num_inside_samples": 5000,
            "num_surface_samples": 5000,
            "max_spheres": 25,
            "density": 1000.0,
            "per_sphere_mass": false
        },
        "training": {
            "iterations": 200,
            "verbose_frequency": 50,
            "logging_enabled": false,
            "center_lr": 0.002,
            "radius_lr": 0.005,
            "mass_lr": 0.01,
            "grad_clip_norm": 1.0,
            "coverage_weight": 1500.0,
            "overlap_weight": 0.3,
            "boundary_weight": 1.0,
            "surface_weight": 50.0,
            "containment_weight": 10.0,
            "sqem_weight": 3000.0,
            "mass_weight": 0.0,
            "com_weight": 0.0,
            "inertia_weight": 0.0,
            "flatness_weight": 0.0,
            "hausdorff_weight": 0.0,
            "mesh_containment_weight": 10.0,
            "early_stopping": false,
            "convergence_patience": 50,
            "convergence_threshold": 0.001,
            "density_control_enabled": true,
            "density_control_min_interval": 160,
            "density_control_patience": 1,
            "density_control_grad_threshold": 0.0001,
            "density_control_warmup_steps": 10,
            "density_control_cooling_factor": 0.85,
            "density_control_min_radius_fraction": 0.001
        },
        "visualization": {
            "enabled": false,
            "off_screen": true,
            "save_video": false,
            "video_filename": "sphere_filling.mp4",
            "render_interval": 5,
            "sphere_color": "blue",
            "sphere_opacity": 0.3,
            "mesh_color": "white",
            "mesh_line_width": 1.5,
            "mesh_opacity": 0.8,
            "show_sample_points": true,
            "show_surface_points": true,
            "sample_points_subsample": 100000,
            "surface_points_subsample": 100000,
            "sample_point_color": "red",
            "surface_point_color": "green",
            "point_size": 5,
            "camera_position": [
                1.0,
                1.0,
                1.0
            ],
            "camera_focal_point": [
                0.0,
                0.0,
                0.0
            ],
            "camera_view_up": [
                0.0,
                0.0,
                1.0
            ],
            "camera_azimuth": 80,
            "camera_elevation": 120,
            "camera_roll": 120,
            "camera_zoom": 1.5
        },
        "results_dir": "/Users/nn/devenv/MorphIt-1/web/examples/yumi.spheres/spheres",
        "output_filename": "yumi_link_1_r_0.json",
        "random_seed": 0
    }
}