{
    "centers": [
        [
            0.03474777191877365,
            0.05701674893498421,
            -0.007628377061337233
        ],
        [
            0.014960261061787605,
            0.011086530052125454,
            -0.03209595009684563
        ],
        [
            0.03808942064642906,
            0.1316979080438614,
            -0.008140023797750473
        ],
        [
            0.004419389180839062,
            -0.0034151053987443447,
            -0.02669363096356392
        ],
        [
            0.03364935144782066,
            0.13320428133010864,
            0.011361892335116863
        ],
        [
            -0.004311876371502876,
            -0.0023791377898305655,
            -0.027546187862753868
        ],
        [
            0.05172938480973244,
            0.13726945221424103,
            0.015209540724754333
        ],
        [
            0.03254082053899765,
            0.05146583542227745,
            -0.011038300581276417
        ],
        [
            0.05901337414979935,
            0.13950836658477783,
            -0.003976322710514069
        ],
        [
            0.00032868885318748653,
            -0.00771488668397069,
            -0.04450337216258049
        ],
        [
            0.03394066169857979,
            0.05150542035698891,
            -0.015981733798980713
        ],
        [
            0.039409901946783066,
            0.0905592143535614,
            -0.007008496206253767
        ],
        [
            -0.006010382901877165,
            0.015259399078786373,
            -0.01812252588570118
        ],
        [
            0.03759009763598442,
            0.05139198526740074,
            -0.010999632999300957
        ],
        [
            -0.008840394206345081,
            0.0066856262274086475,
            -0.04470003396272659
        ],
        [
            0.02621661312878132,
            0.10411447286605835,
            -0.007291577290743589
        ],
        [
            0.04401612654328346,
            0.09111310541629791,
            0.010404599830508232
        ],
        [
            0.03024953417479992,
            0.050198983401060104,
            -0.01546432077884674
        ],
        [
            0.03193089738488197,
            0.05272592231631279,
            -0.014500354416668415
        ],
        [
            0.002570064039900899,
            -0.0062881833873689175,
            -0.03346938267350197
        ]
    ],
    "radii": [
        0.03671165183186531,
        0.04680261388421059,
        0.04295121133327484,
        0.04543474316596985,
        0.03810812905430794,
        0.04692314192652702,
        0.03155900165438652,
        0.03534737229347229,
        0.03171612694859505,
        0.03921062499284744,
        0.03363090008497238,
        0.03909783810377121,
        0.03412097692489624,
        0.03510000929236412,
        0.03622439131140709,
        0.035178735852241516,
        0.037800174206495285,
        0.036748699843883514,
        0.03165387362241745,
        0.03408291935920715
    ],
    "masses": [
        0.20725278556346893,
        0.42943647503852844,
        0.3319058120250702,
        0.3928735852241516,
        0.23181496560573578,
        0.43276268243789673,
        0.13166135549545288,
        0.18499501049518585,
        0.1336377114057541,
        0.25252237915992737,
        0.15933239459991455,
        0.2503495514392853,
        0.16639986634254456,
        0.1811382919549942,
        0.19910944998264313,
        0.18235985934734344,
        0.22624030709266663,
        0.2078808844089508,
        0.13285233080387115,
        0.1658436805009842
    ],
    "mesh_path": "/Users/nn/devenv/MorphIt-1/web/examples/yumi/meshes/coarse/link_4.stl",
    "num_spheres": 20,
    "per_sphere_mass": false,
    "config": {
        "model": {
            "num_spheres": 20,
            "mesh_path": "/Users/nn/devenv/MorphIt-1/web/examples/yumi/meshes/coarse/link_4.stl",
            "device": "cpu",
            "initial_radius_variation": 0.1,
            "num_inside_samples": 5000,
            "num_surface_samples": 5000,
            "max_spheres": 25,
            "density": 1000.0,
            "per_sphere_mass": false
        },
        "training": {
            "iterations": 200,
            "verbose_frequency": 50,
            "logging_enabled": false,
            "center_lr": 0.002,
            "radius_lr": 0.005,
            "mass_lr": 0.01,
            "grad_clip_norm": 1.0,
            "coverage_weight": 1500.0,
            "overlap_weight": 0.3,
            "boundary_weight": 1.0,
            "surface_weight": 50.0,
            "containment_weight": 10.0,
            "sqem_weight": 3000.0,
            "mass_weight": 0.0,
            "com_weight": 0.0,
            "inertia_weight": 0.0,
            "flatness_weight": 0.0,
            "hausdorff_weight": 0.0,
            "mesh_containment_weight": 10.0,
            "early_stopping": false,
            "convergence_patience": 50,
            "convergence_threshold": 0.001,
            "density_control_enabled": true,
            "density_control_min_interval": 160,
            "density_control_patience": 1,
            "density_control_grad_threshold": 0.0001,
            "density_control_warmup_steps": 10,
            "density_control_cooling_factor": 0.85,
            "density_control_min_radius_fraction": 0.001
        },
        "visualization": {
            "enabled": false,
            "off_screen": true,
            "save_video": false,
            "video_filename": "sphere_filling.mp4",
            "render_interval": 5,
            "sphere_color": "blue",
            "sphere_opacity": 0.3,
            "mesh_color": "white",
            "mesh_line_width": 1.5,
            "mesh_opacity": 0.8,
            "show_sample_points": true,
            "show_surface_points": true,
            "sample_points_subsample": 100000,
            "surface_points_subsample": 100000,
            "sample_point_color": "red",
            "surface_point_color": "green",
            "point_size": 5,
            "camera_position": [
                1.0,
                1.0,
                1.0
            ],
            "camera_focal_point": [
                0.0,
                0.0,
                0.0
            ],
            "camera_view_up": [
                0.0,
                0.0,
                1.0
            ],
            "camera_azimuth": 80,
            "camera_elevation": 120,
            "camera_roll": 120,
            "camera_zoom": 1.5
        },
        "results_dir": "/Users/nn/devenv/MorphIt-1/web/examples/yumi.spheres/spheres",
        "output_filename": "yumi_link_4_l_0.json",
        "random_seed": 0
    }
}