{
    "centers": [
        [
            0.021516647189855576,
            0.006713348440825939,
            0.01698898710310459
        ],
        [
            -0.030185628682374954,
            -0.003981630317866802,
            0.018048645928502083
        ],
        [
            -0.008739257231354713,
            0.027297619730234146,
            0.011701934039592743
        ],
        [
            0.005997749976813793,
            -0.025005094707012177,
            0.019489958882331848
        ],
        [
            -0.05924176052212715,
            -0.03000512905418873,
            0.05640989914536476
        ],
        [
            -0.012794669717550278,
            -0.03199204429984093,
            0.08197953552007675
        ],
        [
            -0.061871644109487534,
            -0.03322560712695122,
            0.08886528760194778
        ],
        [
            0.0008012803737074137,
            -0.030051395297050476,
            0.03176501393318176
        ],
        [
            -0.029083287343382835,
            -0.043158989399671555,
            0.06536025553941727
        ],
        [
            -0.04529948905110359,
            -0.04444711655378342,
            0.08861585706472397
        ],
        [
            -0.034409839659929276,
            -0.0292515866458416,
            0.10456676781177521
        ],
        [
            0.02061331458389759,
            -0.02183636650443077,
            0.033511433750391006
        ],
        [
            -0.05836973711848259,
            -0.049704790115356445,
            0.07667960226535797
        ],
        [
            -0.027011245489120483,
            -0.04991517588496208,
            0.08725079149007797
        ],
        [
            -0.01280681136995554,
            -0.036519650369882584,
            0.04283031076192856
        ],
        [
            0.005055268760770559,
            -0.028348339721560478,
            0.057977110147476196
        ],
        [
            -0.010063656605780125,
            -0.04312136769294739,
            0.05983855575323105
        ],
        [
            -0.050013065338134766,
            -0.051235683262348175,
            0.0671985074877739
        ],
        [
            -0.021377457305788994,
            -0.029566101729869843,
            0.030984006822109222
        ],
        [
            0.015770047903060913,
            -0.02263650856912136,
            0.02719441056251526
        ]
    ],
    "radii": [
        0.029697567224502563,
        0.02591843158006668,
        0.02314910851418972,
        0.028413187712430954,
        0.028521770611405373,
        0.03086009994149208,
        0.03145362809300423,
        0.022321736440062523,
        0.03737042471766472,
        0.037276703864336014,
        0.026286212727427483,
        0.02082783542573452,
        0.030262943357229233,
        0.03019794449210167,
        0.02536698244512081,
        0.027808470651507378,
        0.029613077640533447,
        0.02989000827074051,
        0.02450047805905342,
        0.025059888139367104
    ],
    "masses": [
        0.10971125960350037,
        0.0729314312338829,
        0.05196266248822212,
        0.09608342498540878,
        0.09718921035528183,
        0.12310639023780823,
        0.13034693896770477,
        0.046587832272052765,
        0.21861135959625244,
        0.21697071194648743,
        0.07608037441968918,
        0.03784608840942383,
        0.11609728634357452,
        0.11535083502531052,
        0.0683746337890625,
        0.09007824957370758,
        0.10877753794193268,
        0.11185790598392487,
        0.06160447746515274,
        0.06592133641242981
    ],
    "mesh_path": "/Users/nn/devenv/MorphIt-1/web/examples/yumi/meshes/coarse/link_3.stl",
    "num_spheres": 20,
    "per_sphere_mass": false,
    "config": {
        "model": {
            "num_spheres": 20,
            "mesh_path": "/Users/nn/devenv/MorphIt-1/web/examples/yumi/meshes/coarse/link_3.stl",
            "device": "cpu",
            "initial_radius_variation": 0.1,
            "num_inside_samples": 5000,
            "num_surface_samples": 5000,
            "max_spheres": 25,
            "density": 1000.0,
            "per_sphere_mass": false
        },
        "training": {
            "iterations": 200,
            "verbose_frequency": 50,
            "logging_enabled": false,
            "center_lr": 0.002,
            "radius_lr": 0.005,
            "mass_lr": 0.01,
            "grad_clip_norm": 1.0,
            "coverage_weight": 1500.0,
            "overlap_weight": 0.3,
            "boundary_weight": 1.0,
            "surface_weight": 50.0,
            "containment_weight": 10.0,
            "sqem_weight": 3000.0,
            "mass_weight": 0.0,
            "com_weight": 0.0,
            "inertia_weight": 0.0,
            "flatness_weight": 0.0,
            "hausdorff_weight": 0.0,
            "mesh_containment_weight": 10.0,
            "early_stopping": false,
            "convergence_patience": 50,
            "convergence_threshold": 0.001,
            "density_control_enabled": true,
            "density_control_min_interval": 160,
            "density_control_patience": 1,
            "density_control_grad_threshold": 0.0001,
            "density_control_warmup_steps": 10,
            "density_control_cooling_factor": 0.85,
            "density_control_min_radius_fraction": 0.001
        },
        "visualization": {
            "enabled": false,
            "off_screen": true,
            "save_video": false,
            "video_filename": "sphere_filling.mp4",
            "render_interval": 5,
            "sphere_color": "blue",
            "sphere_opacity": 0.3,
            "mesh_color": "white",
            "mesh_line_width": 1.5,
            "mesh_opacity": 0.8,
            "show_sample_points": true,
            "show_surface_points": true,
            "sample_points_subsample": 100000,
            "surface_points_subsample": 100000,
            "sample_point_color": "red",
            "surface_point_color": "green",
            "point_size": 5,
            "camera_position": [
                1.0,
                1.0,
                1.0
            ],
            "camera_focal_point": [
                0.0,
                0.0,
                0.0
            ],
            "camera_view_up": [
                0.0,
                0.0,
                1.0
            ],
            "camera_azimuth": 80,
            "camera_elevation": 120,
            "camera_roll": 120,
            "camera_zoom": 1.5
        },
        "results_dir": "/Users/nn/devenv/MorphIt-1/web/examples/yumi.spheres/spheres",
        "output_filename": "yumi_link_3_r_0.json",
        "random_seed": 0
    }
}