{
    "centers": [
        [
            -0.010289011523127556,
            0.02212255261838436,
            0.009370268322527409
        ],
        [
            -0.005119389854371548,
            -0.04607100784778595,
            0.08467664569616318
        ],
        [
            0.020838025957345963,
            -0.019748123362660408,
            0.016187231987714767
        ],
        [
            -0.026114486157894135,
            -0.006003197748214006,
            0.013076825998723507
        ],
        [
            -0.03450978547334671,
            -0.04653064161539078,
            0.1026148572564125
        ],
        [
            0.02010294795036316,
            0.01380730327218771,
            0.011366121470928192
        ],
        [
            -0.01681314781308174,
            -0.031844671815633774,
            0.028436394408345222
        ],
        [
            -0.023999210447072983,
            -0.04662717878818512,
            0.10695189982652664
        ],
        [
            0.009663484990596771,
            -0.04281032085418701,
            0.06232832744717598
        ],
        [
            -0.024229781702160835,
            -0.042597196996212006,
            0.05744557082653046
        ],
        [
            -0.029661748558282852,
            -0.04568743333220482,
            0.08230649679899216
        ],
        [
            -0.011112915351986885,
            -0.048419978469610214,
            0.06267773360013962
        ],
        [
            0.016312982887029648,
            -0.035707708448171616,
            0.033931076526641846
        ],
        [
            0.00022629917657468468,
            -0.03783513605594635,
            0.03214595466852188
        ],
        [
            -0.014881487935781479,
            -0.04499955475330353,
            0.10301411896944046
        ],
        [
            -0.0021123155020177364,
            -0.012444167397916317,
            0.017549678683280945
        ],
        [
            -0.007091403007507324,
            -0.04152998328208923,
            0.03650040179491043
        ],
        [
            0.0010000726906582713,
            -0.04475565254688263,
            0.04569050297141075
        ],
        [
            0.00994110107421875,
            -0.04041106253862381,
            0.03003678284585476
        ],
        [
            -0.0134540731087327,
            -0.038493938744068146,
            0.03164544329047203
        ]
    ],
    "radii": [
        0.02070734277367592,
        0.024256598204374313,
        0.0235516969114542,
        0.02190505713224411,
        0.02602524682879448,
        0.019844509661197662,
        0.0199054554104805,
        0.02646477520465851,
        0.02042446658015251,
        0.019524207338690758,
        0.025081541389226913,
        0.022221725434064865,
        0.017752965912222862,
        0.01849229633808136,
        0.021879421547055244,
        0.020811373367905617,
        0.017878759652376175,
        0.019433846697211266,
        0.018739962950348854,
        0.02381637506186962
    ],
    "masses": [
        0.037193041294813156,
        0.059783078730106354,
        0.054721150547266006,
        0.04402727261185646,
        0.07383684813976288,
        0.03273480385541916,
        0.03303733095526695,
        0.07764137536287308,
        0.035689521580934525,
        0.031175170093774796,
        0.0660923570394516,
        0.04596443474292755,
        0.02343696355819702,
        0.02648872882127762,
        0.04387287795543671,
        0.03775642067193985,
        0.023938709869980812,
        0.030744319781661034,
        0.027567334473133087,
        0.0565868616104126
    ],
    "mesh_path": "/Users/nn/devenv/MorphIt-1/web/examples/yumi/meshes/coarse/link_5.stl",
    "num_spheres": 20,
    "per_sphere_mass": false,
    "config": {
        "model": {
            "num_spheres": 20,
            "mesh_path": "/Users/nn/devenv/MorphIt-1/web/examples/yumi/meshes/coarse/link_5.stl",
            "device": "cpu",
            "initial_radius_variation": 0.1,
            "num_inside_samples": 5000,
            "num_surface_samples": 5000,
            "max_spheres": 25,
            "density": 1000.0,
            "per_sphere_mass": false
        },
        "training": {
            "iterations": 200,
            "verbose_frequency": 50,
            "logging_enabled": false,
            "center_lr": 0.002,
            "radius_lr": 0.005,
            "mass_lr": 0.01,
            "grad_clip_norm": 1.0,
            "coverage_weight": 1500.0,
            "overlap_weight": 0.3,
            "boundary_weight": 1.0,
            "surface_weight": 50.0,
            "containment_weight": 10.0,
            "sqem_weight": 3000.0,
            "mass_weight": 0.0,
            "com_weight": 0.0,
            "inertia_weight": 0.0,
            "flatness_weight": 0.0,
            "hausdorff_weight": 0.0,
            "mesh_containment_weight": 10.0,
            "early_stopping": false,
            "convergence_patience": 50,
            "convergence_threshold": 0.001,
            "density_control_enabled": true,
            "density_control_min_interval": 160,
            "density_control_patience": 1,
            "density_control_grad_threshold": 0.0001,
            "density_control_warmup_steps": 10,
            "density_control_cooling_factor": 0.85,
            "density_control_min_radius_fraction": 0.001
        },
        "visualization": {
            "enabled": false,
            "off_screen": true,
            "save_video": false,
            "video_filename": "sphere_filling.mp4",
            "render_interval": 5,
            "sphere_color": "blue",
            "sphere_opacity": 0.3,
            "mesh_color": "white",
            "mesh_line_width": 1.5,
            "mesh_opacity": 0.8,
            "show_sample_points": true,
            "show_surface_points": true,
            "sample_points_subsample": 100000,
            "surface_points_subsample": 100000,
            "sample_point_color": "red",
            "surface_point_color": "green",
            "point_size": 5,
            "camera_position": [
                1.0,
                1.0,
                1.0
            ],
            "camera_focal_point": [
                0.0,
                0.0,
                0.0
            ],
            "camera_view_up": [
                0.0,
                0.0,
                1.0
            ],
            "camera_azimuth": 80,
            "camera_elevation": 120,
            "camera_roll": 120,
            "camera_zoom": 1.5
        },
        "results_dir": "/Users/nn/devenv/MorphIt-1/web/examples/yumi.spheres/spheres",
        "output_filename": "yumi_link_5_r_0.json",
        "random_seed": 0
    }
}