{
    "centers": [
        [
            0.06001149117946625,
            -0.013268180191516876,
            0.014006590470671654
        ],
        [
            -0.0059294262900948524,
            -0.029987767338752747,
            0.02345965802669525
        ],
        [
            0.05935528874397278,
            0.008258795365691185,
            -0.011990124359726906
        ],
        [
            -0.02693323791027069,
            -0.03331669792532921,
            -0.010815359652042389
        ],
        [
            0.03287969157099724,
            -0.027066925540566444,
            0.027440693229436874
        ],
        [
            -0.02689313516020775,
            -0.03281262144446373,
            0.013331547379493713
        ],
        [
            0.04107419401407242,
            -0.02695237286388874,
            -0.027567511424422264
        ],
        [
            -0.014562567695975304,
            -0.033168405294418335,
            -0.024921752512454987
        ],
        [
            0.029240142554044724,
            -0.006646064575761557,
            -0.010398750193417072
        ],
        [
            0.04569927975535393,
            0.011612514033913612,
            -0.005362067371606827
        ],
        [
            0.016396382823586464,
            -0.012700652703642845,
            0.0137333320453763
        ],
        [
            0.044821660965681076,
            0.011753284372389317,
            0.014390089549124241
        ],
        [
            0.02950369194149971,
            0.004973007366061211,
            0.008969607762992382
        ],
        [
            0.06461019068956375,
            0.012237277813255787,
            0.011957774870097637
        ],
        [
            0.04091620817780495,
            0.01460997574031353,
            0.01223886851221323
        ],
        [
            0.032816048711538315,
            -0.024714983999729156,
            0.0012328657321631908
        ],
        [
            0.013172919861972332,
            -0.02554076537489891,
            -0.02275015413761139
        ],
        [
            -0.0006629758281633258,
            -0.02024221234023571,
            -0.006947795860469341
        ],
        [
            0.005639042239636183,
            -0.028568128123879433,
            -0.0015919103752821684
        ],
        [
            0.06434712558984756,
            -0.01629464328289032,
            -0.01451125368475914
        ]
    ],
    "radii": [
        0.03659764304757118,
        0.029902108013629913,
        0.03863431513309479,
        0.02448270097374916,
        0.02847035601735115,
        0.024828623980283737,
        0.02742820419371128,
        0.025569003075361252,
        0.03847821056842804,
        0.03652767837047577,
        0.03417624160647392,
        0.03406200930476189,
        0.030193284153938293,
        0.033287081867456436,
        0.02955944649875164,
        0.0309746153652668,
        0.030948108062148094,
        0.03174370154738426,
        0.03145034983754158,
        0.03176224231719971
    ],
    "masses": [
        0.20532788336277008,
        0.11199381202459335,
        0.24155066907405853,
        0.06147047504782677,
        0.09666456282138824,
        0.0641130656003952,
        0.08643321692943573,
        0.07002127170562744,
        0.23863449692726135,
        0.20415253937244415,
        0.1672097146511078,
        0.16553863883018494,
        0.11529743671417236,
        0.1544954776763916,
        0.10818760097026825,
        0.1244819387793541,
        0.12416262924671173,
        0.13398659229278564,
        0.1303061991930008,
        0.13422149419784546
    ],
    "mesh_path": "/Users/nn/devenv/MorphIt-1/web/examples/fanuc_m20ia/meshes/m20ia10l/collision/link_5.stl",
    "num_spheres": 20,
    "per_sphere_mass": false,
    "config": {
        "model": {
            "num_spheres": 20,
            "mesh_path": "/Users/nn/devenv/MorphIt-1/web/examples/fanuc_m20ia/meshes/m20ia10l/collision/link_5.stl",
            "device": "cpu",
            "initial_radius_variation": 0.1,
            "num_inside_samples": 5000,
            "num_surface_samples": 5000,
            "max_spheres": 25,
            "density": 1000.0,
            "per_sphere_mass": false
        },
        "training": {
            "iterations": 200,
            "verbose_frequency": 50,
            "logging_enabled": false,
            "center_lr": 0.002,
            "radius_lr": 0.005,
            "mass_lr": 0.01,
            "grad_clip_norm": 1.0,
            "coverage_weight": 1500.0,
            "overlap_weight": 0.3,
            "boundary_weight": 1.0,
            "surface_weight": 50.0,
            "containment_weight": 10.0,
            "sqem_weight": 3000.0,
            "mass_weight": 0.0,
            "com_weight": 0.0,
            "inertia_weight": 0.0,
            "flatness_weight": 0.0,
            "hausdorff_weight": 0.0,
            "mesh_containment_weight": 10.0,
            "early_stopping": false,
            "convergence_patience": 50,
            "convergence_threshold": 0.001,
            "density_control_enabled": true,
            "density_control_min_interval": 160,
            "density_control_patience": 1,
            "density_control_grad_threshold": 0.0001,
            "density_control_warmup_steps": 10,
            "density_control_cooling_factor": 0.85,
            "density_control_min_radius_fraction": 0.001
        },
        "visualization": {
            "enabled": false,
            "off_screen": true,
            "save_video": false,
            "video_filename": "sphere_filling.mp4",
            "render_interval": 5,
            "sphere_color": "blue",
            "sphere_opacity": 0.3,
            "mesh_color": "white",
            "mesh_line_width": 1.5,
            "mesh_opacity": 0.8,
            "show_sample_points": true,
            "show_surface_points": true,
            "sample_points_subsample": 100000,
            "surface_points_subsample": 100000,
            "sample_point_color": "red",
            "surface_point_color": "green",
            "point_size": 5,
            "camera_position": [
                1.0,
                1.0,
                1.0
            ],
            "camera_focal_point": [
                0.0,
                0.0,
                0.0
            ],
            "camera_view_up": [
                0.0,
                0.0,
                1.0
            ],
            "camera_azimuth": 80,
            "camera_elevation": 120,
            "camera_roll": 120,
            "camera_zoom": 1.5
        },
        "results_dir": "/Users/nn/devenv/MorphIt-1/web/examples/fanuc_m20ia.spheres/spheres",
        "output_filename": "link_5_0.json",
        "random_seed": 0
    }
}