{
    "centers": [
        [
            1.0384010076522827,
            -0.06731455028057098,
            -2.0455947378650308e-05
        ],
        [
            0.9676284193992615,
            -0.061084724962711334,
            -0.0010070089483633637
        ],
        [
            0.837231457233429,
            -0.04683685675263405,
            -0.0013176726642996073
        ],
        [
            0.8975999355316162,
            -0.050128232687711716,
            5.1624498155433685e-05
        ],
        [
            0.40641912817955017,
            -0.011557805351912975,
            -0.0009364212164655328
        ],
        [
            0.6798737645149231,
            -0.05229248106479645,
            7.023802754702047e-05
        ],
        [
            0.7055219411849976,
            -0.012947413139045238,
            -0.0023103225976228714
        ],
        [
            0.62833172082901,
            -0.009213319979608059,
            0.0004119487712159753
        ],
        [
            0.7571701407432556,
            -0.05680054798722267,
            2.739469346124679e-05
        ],
        [
            0.3370164632797241,
            -0.005528619978576899,
            -7.502807420678437e-05
        ],
        [
            0.6011683344841003,
            -0.04777676612138748,
            -0.0003224205574952066
        ],
        [
            0.5601139068603516,
            -0.0067125181667506695,
            0.0007500249776057899
        ],
        [
            0.2694335877895355,
            -0.019532762467861176,
            0.000966726103797555
        ],
        [
            0.26524534821510315,
            0.020779924467206,
            -0.007095795590430498
        ],
        [
            0.5329106450080872,
            -0.03663378581404686,
            0.00039156561251729727
        ],
        [
            0.48585668206214905,
            -0.0041088019497692585,
            0.0004150140448473394
        ],
        [
            0.26991361379623413,
            -0.0013655731454491615,
            0.015170860104262829
        ],
        [
            0.7871592044830322,
            -0.013671736232936382,
            -0.00042559357825666666
        ],
        [
            0.4738372564315796,
            -0.0294616911560297,
            -0.0005431849276646972
        ],
        [
            0.2682499885559082,
            -0.00863327644765377,
            -0.01274860929697752
        ]
    ],
    "radii": [
        0.05240772292017937,
        0.059794001281261444,
        0.06818919628858566,
        0.0643688291311264,
        0.07304622232913971,
        0.06492063403129578,
        0.06379260122776031,
        0.06311005353927612,
        0.06366215646266937,
        0.07297846674919128,
        0.06485047191381454,
        0.06350670754909515,
        0.05719028040766716,
        0.05416933074593544,
        0.06404786556959152,
        0.06596629321575165,
        0.058092743158340454,
        0.0588587261736393,
        0.06482861191034317,
        0.05760565772652626
    ],
    "masses": [
        0.6029404997825623,
        0.8954914808273315,
        1.3281139135360718,
        1.1171602010726929,
        1.6326078176498413,
        1.1461378335952759,
        1.0874254703521729,
        1.0528929233551025,
        1.080768346786499,
        1.6280689239501953,
        1.1424258947372437,
        1.0728707313537598,
        0.7835294008255005,
        0.6658080220222473,
        1.100531816482544,
        1.202416181564331,
        0.8212100267410278,
        0.8541244268417358,
        1.1412709951400757,
        0.8007261753082275
    ],
    "mesh_path": "/Users/nn/devenv/MorphIt-1/web/examples/fanuc_m20ia/meshes/m20ia10l/collision/link_4.stl",
    "num_spheres": 20,
    "per_sphere_mass": false,
    "config": {
        "model": {
            "num_spheres": 20,
            "mesh_path": "/Users/nn/devenv/MorphIt-1/web/examples/fanuc_m20ia/meshes/m20ia10l/collision/link_4.stl",
            "device": "cpu",
            "initial_radius_variation": 0.1,
            "num_inside_samples": 5000,
            "num_surface_samples": 5000,
            "max_spheres": 25,
            "density": 1000.0,
            "per_sphere_mass": false
        },
        "training": {
            "iterations": 200,
            "verbose_frequency": 50,
            "logging_enabled": false,
            "center_lr": 0.002,
            "radius_lr": 0.005,
            "mass_lr": 0.01,
            "grad_clip_norm": 1.0,
            "coverage_weight": 1500.0,
            "overlap_weight": 0.3,
            "boundary_weight": 1.0,
            "surface_weight": 50.0,
            "containment_weight": 10.0,
            "sqem_weight": 3000.0,
            "mass_weight": 0.0,
            "com_weight": 0.0,
            "inertia_weight": 0.0,
            "flatness_weight": 0.0,
            "hausdorff_weight": 0.0,
            "mesh_containment_weight": 10.0,
            "early_stopping": false,
            "convergence_patience": 50,
            "convergence_threshold": 0.001,
            "density_control_enabled": true,
            "density_control_min_interval": 160,
            "density_control_patience": 1,
            "density_control_grad_threshold": 0.0001,
            "density_control_warmup_steps": 10,
            "density_control_cooling_factor": 0.85,
            "density_control_min_radius_fraction": 0.001
        },
        "visualization": {
            "enabled": false,
            "off_screen": true,
            "save_video": false,
            "video_filename": "sphere_filling.mp4",
            "render_interval": 5,
            "sphere_color": "blue",
            "sphere_opacity": 0.3,
            "mesh_color": "white",
            "mesh_line_width": 1.5,
            "mesh_opacity": 0.8,
            "show_sample_points": true,
            "show_surface_points": true,
            "sample_points_subsample": 100000,
            "surface_points_subsample": 100000,
            "sample_point_color": "red",
            "surface_point_color": "green",
            "point_size": 5,
            "camera_position": [
                1.0,
                1.0,
                1.0
            ],
            "camera_focal_point": [
                0.0,
                0.0,
                0.0
            ],
            "camera_view_up": [
                0.0,
                0.0,
                1.0
            ],
            "camera_azimuth": 80,
            "camera_elevation": 120,
            "camera_roll": 120,
            "camera_zoom": 1.5
        },
        "results_dir": "/Users/nn/devenv/MorphIt-1/web/examples/fanuc_m20ia.spheres/spheres",
        "output_filename": "link_4_0.json",
        "random_seed": 0
    }
}