{
    "centers": [
        [
            -0.02286248840391636,
            0.020519543439149857,
            0.017965471372008324
        ],
        [
            -0.01677642948925495,
            -0.023608148097991943,
            0.02011016011238098
        ],
        [
            0.011096873320639133,
            0.007356846705079079,
            0.09439543634653091
        ],
        [
            0.019109174609184265,
            -0.02376035787165165,
            0.017978182062506676
        ],
        [
            0.02126452513039112,
            0.01961866021156311,
            0.01745973899960518
        ],
        [
            0.007667481433600187,
            -0.014805886894464493,
            0.13290809094905853
        ],
        [
            -0.0016588026192039251,
            -0.02402227744460106,
            0.05739286169409752
        ],
        [
            0.01390692126005888,
            0.02245839312672615,
            0.04962782934308052
        ],
        [
            0.025187604129314423,
            -0.005327493883669376,
            0.055951446294784546
        ],
        [
            -0.014299881644546986,
            0.023117512464523315,
            0.05556466430425644
        ],
        [
            -0.015116534195840359,
            -0.013460506685078144,
            0.13787302374839783
        ],
        [
            0.0033551030792295933,
            0.02138865366578102,
            0.1396084576845169
        ],
        [
            -0.021777594462037086,
            0.01705086976289749,
            0.09534909576177597
        ],
        [
            -0.01797056943178177,
            -0.005413214676082134,
            0.11079501360654831
        ],
        [
            -0.01732880435883999,
            0.011535624973475933,
            0.1360166221857071
        ],
        [
            -0.0067177144810557365,
            -0.017488090321421623,
            0.10232426971197128
        ],
        [
            -0.0271014217287302,
            -0.0017867034766823053,
            0.05044658109545708
        ],
        [
            0.021240990608930588,
            0.004762962926179171,
            0.13837972283363342
        ],
        [
            -0.01873461715877056,
            -0.008082672953605652,
            0.07543234527111053
        ],
        [
            0.010776115581393242,
            -0.015769828110933304,
            0.09153132885694504
        ]
    ],
    "radii": [
        0.018558718264102936,
        0.022277317941188812,
        0.036195360124111176,
        0.01980644091963768,
        0.017780179157853127,
        0.030006935819983482,
        0.02529793232679367,
        0.021493010222911835,
        0.023490602150559425,
        0.02383318357169628,
        0.02659330703318119,
        0.02408650331199169,
        0.02497068978846073,
        0.023982223123311996,
        0.026327230036258698,
        0.02543308027088642,
        0.018914394080638885,
        0.025258822366595268,
        0.025860071182250977,
        0.026542196050286293
    ],
    "masses": [
        0.026775188744068146,
        0.046310264617204666,
        0.19863110780715942,
        0.032546769827604294,
        0.023544907569885254,
        0.11317578703165054,
        0.0678177922964096,
        0.04158917814493179,
        0.054296400398015976,
        0.0567067489027977,
        0.07877812534570694,
        0.058534227311611176,
        0.06521990895271301,
        0.05777725949883461,
        0.0764370784163475,
        0.06891051679849625,
        0.028344308957457542,
        0.06750374287366867,
        0.07243988662958145,
        0.07832477241754532
    ],
    "mesh_path": "/Users/nn/devenv/MorphIt-1/web/examples/kinova_description/meshes/base.stl",
    "num_spheres": 20,
    "per_sphere_mass": false,
    "config": {
        "model": {
            "num_spheres": 20,
            "mesh_path": "/Users/nn/devenv/MorphIt-1/web/examples/kinova_description/meshes/base.stl",
            "device": "cpu",
            "initial_radius_variation": 0.1,
            "num_inside_samples": 5000,
            "num_surface_samples": 5000,
            "max_spheres": 25,
            "density": 1000.0,
            "per_sphere_mass": false
        },
        "training": {
            "iterations": 200,
            "verbose_frequency": 50,
            "logging_enabled": false,
            "center_lr": 0.002,
            "radius_lr": 0.005,
            "mass_lr": 0.01,
            "grad_clip_norm": 1.0,
            "coverage_weight": 1500.0,
            "overlap_weight": 0.3,
            "boundary_weight": 1.0,
            "surface_weight": 50.0,
            "containment_weight": 10.0,
            "sqem_weight": 3000.0,
            "mass_weight": 0.0,
            "com_weight": 0.0,
            "inertia_weight": 0.0,
            "flatness_weight": 0.0,
            "hausdorff_weight": 0.0,
            "mesh_containment_weight": 10.0,
            "early_stopping": false,
            "convergence_patience": 50,
            "convergence_threshold": 0.001,
            "density_control_enabled": true,
            "density_control_min_interval": 160,
            "density_control_patience": 1,
            "density_control_grad_threshold": 0.0001,
            "density_control_warmup_steps": 10,
            "density_control_cooling_factor": 0.85,
            "density_control_min_radius_fraction": 0.001
        },
        "visualization": {
            "enabled": false,
            "off_screen": true,
            "save_video": false,
            "video_filename": "sphere_filling.mp4",
            "render_interval": 5,
            "sphere_color": "blue",
            "sphere_opacity": 0.3,
            "mesh_color": "white",
            "mesh_line_width": 1.5,
            "mesh_opacity": 0.8,
            "show_sample_points": true,
            "show_surface_points": true,
            "sample_points_subsample": 100000,
            "surface_points_subsample": 100000,
            "sample_point_color": "red",
            "surface_point_color": "green",
            "point_size": 5,
            "camera_position": [
                1.0,
                1.0,
                1.0
            ],
            "camera_focal_point": [
                0.0,
                0.0,
                0.0
            ],
            "camera_view_up": [
                0.0,
                0.0,
                1.0
            ],
            "camera_azimuth": 80,
            "camera_elevation": 120,
            "camera_roll": 120,
            "camera_zoom": 1.5
        },
        "results_dir": "/Users/nn/devenv/MorphIt-1/web/examples/kinova.spheres/spheres",
        "output_filename": "m1n4s200_link_base_0.json",
        "random_seed": 0
    }
}