{
    "centers": [
        [
            0.2616415321826935,
            -0.0010566614801064134,
            -0.001284563448280096
        ],
        [
            0.20216919481754303,
            -0.0004975799238309264,
            0.00011776651081163436
        ],
        [
            0.49576833844184875,
            -0.02671317383646965,
            0.0005690626567229629
        ],
        [
            0.058875661343336105,
            -0.007023792713880539,
            0.008293792605400085
        ],
        [
            0.4305945932865143,
            0.025154652073979378,
            0.02243880368769169
        ],
        [
            0.5037345290184021,
            0.025790635496377945,
            -0.01525789499282837
        ],
        [
            0.06295105814933777,
            0.010957598686218262,
            -0.008376849815249443
        ],
        [
            0.5066750645637512,
            0.026368817314505577,
            0.01739068701863289
        ],
        [
            0.13208968937397003,
            -0.0006526180659420788,
            0.0004698894335888326
        ],
        [
            0.3447578549385071,
            0.018945293501019478,
            -0.014686355367302895
        ],
        [
            0.3559565246105194,
            0.02068961039185524,
            0.018211444839835167
        ],
        [
            0.429790735244751,
            0.026109537109732628,
            -0.024368740618228912
        ],
        [
            0.3202061653137207,
            -0.021850528195500374,
            0.0010560164228081703
        ],
        [
            0.3820302188396454,
            -0.024799175560474396,
            0.0018218941986560822
        ],
        [
            0.04332784190773964,
            0.02582373097538948,
            0.009533034637570381
        ],
        [
            0.295576274394989,
            0.024089932441711426,
            0.021641258150339127
        ],
        [
            0.17247746884822845,
            0.018225740641355515,
            -0.01942562870681286
        ],
        [
            0.43747955560684204,
            -0.023961301892995834,
            -0.0004316998238209635
        ],
        [
            0.08663536608219147,
            0.017743920907378197,
            0.019093196839094162
        ],
        [
            0.0461326502263546,
            -0.026090573519468307,
            -0.019723953679203987
        ]
    ],
    "radii": [
        0.08627761155366898,
        0.0865633636713028,
        0.06997514516115189,
        0.07874011993408203,
        0.06206946820020676,
        0.06295789778232574,
        0.076991967856884,
        0.061390604823827744,
        0.08513050526380539,
        0.06947552412748337,
        0.06448929011821747,
        0.057607684284448624,
        0.07051408290863037,
        0.07094990462064743,
        0.06154554709792137,
        0.05952367186546326,
        0.06164853274822235,
        0.0708572044968605,
        0.059564631432294846,
        0.055626410990953445
    ],
    "masses": [
        2.690189838409424,
        2.717008352279663,
        1.4352251291275024,
        2.044922351837158,
        1.0016653537750244,
        1.0452958345413208,
        1.9117225408554077,
        0.9691573977470398,
        2.584307909011841,
        1.404701590538025,
        1.123443841934204,
        0.8008106350898743,
        1.4686428308486938,
        1.4960428476333618,
        0.9765141010284424,
        0.8834006786346436,
        0.9814243316650391,
        1.4901864528656006,
        0.8852255940437317,
        0.7209941148757935
    ],
    "mesh_path": "/Users/nn/devenv/MorphIt-1/web/examples/abb_irb2400/meshes/irb2400/collision/link_4.stl",
    "num_spheres": 20,
    "per_sphere_mass": false,
    "config": {
        "model": {
            "num_spheres": 20,
            "mesh_path": "/Users/nn/devenv/MorphIt-1/web/examples/abb_irb2400/meshes/irb2400/collision/link_4.stl",
            "device": "cpu",
            "initial_radius_variation": 0.1,
            "num_inside_samples": 5000,
            "num_surface_samples": 5000,
            "max_spheres": 25,
            "density": 1000.0,
            "per_sphere_mass": false
        },
        "training": {
            "iterations": 200,
            "verbose_frequency": 50,
            "logging_enabled": false,
            "center_lr": 0.002,
            "radius_lr": 0.005,
            "mass_lr": 0.01,
            "grad_clip_norm": 1.0,
            "coverage_weight": 1500.0,
            "overlap_weight": 0.3,
            "boundary_weight": 1.0,
            "surface_weight": 50.0,
            "containment_weight": 10.0,
            "sqem_weight": 3000.0,
            "mass_weight": 0.0,
            "com_weight": 0.0,
            "inertia_weight": 0.0,
            "flatness_weight": 0.0,
            "hausdorff_weight": 0.0,
            "mesh_containment_weight": 10.0,
            "early_stopping": false,
            "convergence_patience": 50,
            "convergence_threshold": 0.001,
            "density_control_enabled": true,
            "density_control_min_interval": 160,
            "density_control_patience": 1,
            "density_control_grad_threshold": 0.0001,
            "density_control_warmup_steps": 10,
            "density_control_cooling_factor": 0.85,
            "density_control_min_radius_fraction": 0.001
        },
        "visualization": {
            "enabled": false,
            "off_screen": true,
            "save_video": false,
            "video_filename": "sphere_filling.mp4",
            "render_interval": 5,
            "sphere_color": "blue",
            "sphere_opacity": 0.3,
            "mesh_color": "white",
            "mesh_line_width": 1.5,
            "mesh_opacity": 0.8,
            "show_sample_points": true,
            "show_surface_points": true,
            "sample_points_subsample": 100000,
            "surface_points_subsample": 100000,
            "sample_point_color": "red",
            "surface_point_color": "green",
            "point_size": 5,
            "camera_position": [
                1.0,
                1.0,
                1.0
            ],
            "camera_focal_point": [
                0.0,
                0.0,
                0.0
            ],
            "camera_view_up": [
                0.0,
                0.0,
                1.0
            ],
            "camera_azimuth": 80,
            "camera_elevation": 120,
            "camera_roll": 120,
            "camera_zoom": 1.5
        },
        "results_dir": "/Users/nn/devenv/MorphIt-1/web/examples/abb_irb2400.spheres/spheres",
        "output_filename": "link_4_0.json",
        "random_seed": 0
    }
}