{
    "centers": [
        [
            -0.14334166049957275,
            -0.08728872239589691,
            0.13024629652500153
        ],
        [
            -0.11994975805282593,
            0.04325965419411659,
            0.03971908241510391
        ],
        [
            0.07323316484689713,
            -0.03844967484474182,
            0.06316493451595306
        ],
        [
            0.16272474825382233,
            -0.004895949736237526,
            0.1199134886264801
        ],
        [
            -0.02414592169225216,
            -0.06277991086244583,
            0.12797579169273376
        ],
        [
            0.07147929817438126,
            -0.005012252368032932,
            0.12675990164279938
        ],
        [
            0.06433054804801941,
            0.05621097981929779,
            0.014060987159609795
        ],
        [
            0.0701136365532875,
            -0.0703977569937706,
            0.13652898371219635
        ],
        [
            -0.1352880746126175,
            -0.0007336573908105493,
            0.13957999646663666
        ],
        [
            -0.03595105558633804,
            -0.059967245906591415,
            0.03257480263710022
        ],
        [
            -0.15947860479354858,
            0.059794168919324875,
            0.12137606739997864
        ],
        [
            0.013024349696934223,
            -0.002783937146887183,
            0.07878533750772476
        ],
        [
            -0.1401541829109192,
            -0.05237384885549545,
            0.04780443757772446
        ],
        [
            -0.03430311381816864,
            0.04086889699101448,
            0.034547965973615646
        ],
        [
            -0.07874925434589386,
            0.03179659694433212,
            0.11917680501937866
        ],
        [
            0.13477806746959686,
            0.02461080253124237,
            0.08116819709539413
        ],
        [
            -0.010738315060734749,
            0.009982716292142868,
            0.1472395956516266
        ],
        [
            0.19066020846366882,
            0.0002882054541260004,
            0.14705777168273926
        ],
        [
            -0.08442651480436325,
            -0.07518339157104492,
            0.11797191202640533
        ],
        [
            -0.15859007835388184,
            0.04513850808143616,
            0.03260210528969765
        ]
    ],
    "radii": [
        0.09147971123456955,
        0.08878574520349503,
        0.11161714792251587,
        0.11575958132743835,
        0.11089492589235306,
        0.12117187678813934,
        0.06787357479333878,
        0.10096386820077896,
        0.10259521752595901,
        0.086409792304039,
        0.0775677040219307,
        0.1233072578907013,
        0.09460287541151047,
        0.09096001833677292,
        0.09629359841346741,
        0.09301769733428955,
        0.10140597820281982,
        0.08673324435949326,
        0.09159603714942932,
        0.07990025728940964
    ],
    "masses": [
        3.2067341804504395,
        2.931692123413086,
        5.824804782867432,
        6.497696876525879,
        5.712465763092041,
        7.452364444732666,
        1.309757113456726,
        4.311084270477295,
        4.523451805114746,
        2.702573299407959,
        1.9549307823181152,
        7.853342533111572,
        3.546513557434082,
        3.1523921489715576,
        3.740079641342163,
        3.371206521987915,
        4.367966175079346,
        2.7330360412597656,
        3.2189829349517822,
        2.136648654937744
    ],
    "mesh_path": "/Users/nn/devenv/MorphIt-1/web/examples/abb_irb2400/meshes/irb2400/collision/link_3.stl",
    "num_spheres": 20,
    "per_sphere_mass": false,
    "config": {
        "model": {
            "num_spheres": 20,
            "mesh_path": "/Users/nn/devenv/MorphIt-1/web/examples/abb_irb2400/meshes/irb2400/collision/link_3.stl",
            "device": "cpu",
            "initial_radius_variation": 0.1,
            "num_inside_samples": 5000,
            "num_surface_samples": 5000,
            "max_spheres": 25,
            "density": 1000.0,
            "per_sphere_mass": false
        },
        "training": {
            "iterations": 200,
            "verbose_frequency": 50,
            "logging_enabled": false,
            "center_lr": 0.002,
            "radius_lr": 0.005,
            "mass_lr": 0.01,
            "grad_clip_norm": 1.0,
            "coverage_weight": 1500.0,
            "overlap_weight": 0.3,
            "boundary_weight": 1.0,
            "surface_weight": 50.0,
            "containment_weight": 10.0,
            "sqem_weight": 3000.0,
            "mass_weight": 0.0,
            "com_weight": 0.0,
            "inertia_weight": 0.0,
            "flatness_weight": 0.0,
            "hausdorff_weight": 0.0,
            "mesh_containment_weight": 10.0,
            "early_stopping": false,
            "convergence_patience": 50,
            "convergence_threshold": 0.001,
            "density_control_enabled": true,
            "density_control_min_interval": 160,
            "density_control_patience": 1,
            "density_control_grad_threshold": 0.0001,
            "density_control_warmup_steps": 10,
            "density_control_cooling_factor": 0.85,
            "density_control_min_radius_fraction": 0.001
        },
        "visualization": {
            "enabled": false,
            "off_screen": true,
            "save_video": false,
            "video_filename": "sphere_filling.mp4",
            "render_interval": 5,
            "sphere_color": "blue",
            "sphere_opacity": 0.3,
            "mesh_color": "white",
            "mesh_line_width": 1.5,
            "mesh_opacity": 0.8,
            "show_sample_points": true,
            "show_surface_points": true,
            "sample_points_subsample": 100000,
            "surface_points_subsample": 100000,
            "sample_point_color": "red",
            "surface_point_color": "green",
            "point_size": 5,
            "camera_position": [
                1.0,
                1.0,
                1.0
            ],
            "camera_focal_point": [
                0.0,
                0.0,
                0.0
            ],
            "camera_view_up": [
                0.0,
                0.0,
                1.0
            ],
            "camera_azimuth": 80,
            "camera_elevation": 120,
            "camera_roll": 120,
            "camera_zoom": 1.5
        },
        "results_dir": "/Users/nn/devenv/MorphIt-1/web/examples/abb_irb2400.spheres/spheres",
        "output_filename": "link_3_0.json",
        "random_seed": 0
    }
}