{
    "centers": [
        [
            -0.0007350188097916543,
            -0.11140406876802444,
            -0.2617802023887634
        ],
        [
            -0.0007341522141359746,
            0.11302673071622849,
            -0.2648791968822479
        ],
        [
            0.0012629113625735044,
            -0.10924740880727768,
            -0.006243831943720579
        ],
        [
            0.005546776577830315,
            0.03937923163175583,
            -0.009303637780249119
        ],
        [
            0.0001065148098859936,
            0.11304856091737747,
            -0.0066358852200210094
        ],
        [
            0.0025921077467501163,
            0.10195215046405792,
            -0.20011423528194427
        ],
        [
            0.0032967589795589447,
            -0.01548801176249981,
            -0.26010066270828247
        ],
        [
            0.005186437163501978,
            -0.046149902045726776,
            -0.013325988315045834
        ],
        [
            0.004502539057284594,
            0.05356218293309212,
            -0.2603398859500885
        ],
        [
            0.0031790435314178467,
            -0.10538479685783386,
            -0.06486307829618454
        ],
        [
            0.0011530093615874648,
            -0.10857187211513519,
            -0.1342187225818634
        ],
        [
            0.004908790811896324,
            -0.037539009004831314,
            -0.18718194961547852
        ],
        [
            0.005784002132713795,
            0.032786447554826736,
            -0.13423246145248413
        ],
        [
            0.0018761612009257078,
            0.09931859374046326,
            -0.07040197402238846
        ],
        [
            0.0042782071977853775,
            0.00789404846727848,
            -0.06967271864414215
        ],
        [
            0.0025479074101895094,
            -0.1074434444308281,
            -0.19342482089996338
        ],
        [
            -0.0005683115450665355,
            0.10751491039991379,
            -0.13562622666358948
        ],
        [
            0.003566770814359188,
            -0.045168325304985046,
            -0.10580666363239288
        ],
        [
            0.004877951927483082,
            0.026423092931509018,
            -0.19888350367546082
        ],
        [
            0.005226926412433386,
            -0.07147176563739777,
            -0.26166170835494995
        ]
    ],
    "radii": [
        0.044852808117866516,
        0.04399309307336807,
        0.04527278617024422,
        0.05094725266098976,
        0.04507124796509743,
        0.05075286701321602,
        0.04907909408211708,
        0.05216061323881149,
        0.04972413554787636,
        0.04832283407449722,
        0.04793706163764,
        0.04975202679634094,
        0.05225705727934837,
        0.052882708609104156,
        0.04883655905723572,
        0.04801939055323601,
        0.0499967597424984,
        0.05032661557197571,
        0.04706953838467598,
        0.04745006188750267
    ],
    "masses": [
        0.3779701292514801,
        0.35664987564086914,
        0.38868722319602966,
        0.5539248585700989,
        0.38351938128471375,
        0.5476087331771851,
        0.49519726634025574,
        0.5944518446922302,
        0.5149799585342407,
        0.47265663743019104,
        0.4614267945289612,
        0.5158470273017883,
        0.5977553129196167,
        0.6194833517074585,
        0.4878920912742615,
        0.4638082981109619,
        0.5234969854354858,
        0.5339268445968628,
        0.4368259310722351,
        0.4475060999393463
    ],
    "mesh_path": "/Users/nn/devenv/MorphIt-1/web/examples/fetch/meshes/bellows_link_collision.STL",
    "num_spheres": 20,
    "per_sphere_mass": false,
    "config": {
        "model": {
            "num_spheres": 20,
            "mesh_path": "/Users/nn/devenv/MorphIt-1/web/examples/fetch/meshes/bellows_link_collision.STL",
            "device": "cpu",
            "initial_radius_variation": 0.1,
            "num_inside_samples": 5000,
            "num_surface_samples": 5000,
            "max_spheres": 25,
            "density": 1000.0,
            "per_sphere_mass": false
        },
        "training": {
            "iterations": 200,
            "verbose_frequency": 50,
            "logging_enabled": false,
            "center_lr": 0.002,
            "radius_lr": 0.005,
            "mass_lr": 0.01,
            "grad_clip_norm": 1.0,
            "coverage_weight": 1500.0,
            "overlap_weight": 0.3,
            "boundary_weight": 1.0,
            "surface_weight": 50.0,
            "containment_weight": 10.0,
            "sqem_weight": 3000.0,
            "mass_weight": 0.0,
            "com_weight": 0.0,
            "inertia_weight": 0.0,
            "flatness_weight": 0.0,
            "hausdorff_weight": 0.0,
            "mesh_containment_weight": 10.0,
            "early_stopping": false,
            "convergence_patience": 50,
            "convergence_threshold": 0.001,
            "density_control_enabled": true,
            "density_control_min_interval": 160,
            "density_control_patience": 1,
            "density_control_grad_threshold": 0.0001,
            "density_control_warmup_steps": 10,
            "density_control_cooling_factor": 0.85,
            "density_control_min_radius_fraction": 0.001
        },
        "visualization": {
            "enabled": false,
            "off_screen": true,
            "save_video": false,
            "video_filename": "sphere_filling.mp4",
            "render_interval": 5,
            "sphere_color": "blue",
            "sphere_opacity": 0.3,
            "mesh_color": "white",
            "mesh_line_width": 1.5,
            "mesh_opacity": 0.8,
            "show_sample_points": true,
            "show_surface_points": true,
            "sample_points_subsample": 100000,
            "surface_points_subsample": 100000,
            "sample_point_color": "red",
            "surface_point_color": "green",
            "point_size": 5,
            "camera_position": [
                1.0,
                1.0,
                1.0
            ],
            "camera_focal_point": [
                0.0,
                0.0,
                0.0
            ],
            "camera_view_up": [
                0.0,
                0.0,
                1.0
            ],
            "camera_azimuth": 80,
            "camera_elevation": 120,
            "camera_roll": 120,
            "camera_zoom": 1.5
        },
        "results_dir": "/Users/nn/devenv/MorphIt-1/web/examples/fetch.spheres/spheres",
        "output_filename": "bellows_link2_0.json",
        "random_seed": 0
    }
}