{
    "centers": [
        [
            -0.06122118979692459,
            -0.03486381098628044,
            0.013811130076646805
        ],
        [
            -0.06179383024573326,
            0.0338427796959877,
            -0.006361779756844044
        ],
        [
            -0.12907519936561584,
            0.037213005125522614,
            0.015108748339116573
        ],
        [
            -0.1291053742170334,
            -0.03384201228618622,
            0.013615752570331097
        ],
        [
            -0.05853588506579399,
            0.037460848689079285,
            0.014879456721246243
        ],
        [
            -0.13245490193367004,
            0.03885136544704437,
            -0.015260396525263786
        ],
        [
            -0.05425499007105827,
            -0.04036290943622589,
            -0.01262958999723196
        ],
        [
            -0.13007529079914093,
            0.0040976605378091335,
            -0.016009774059057236
        ],
        [
            -0.09875936061143875,
            0.03692437708377838,
            -0.01001473143696785
        ],
        [
            -0.13052040338516235,
            -0.03746936097741127,
            -0.013188136741518974
        ],
        [
            -0.13125920295715332,
            0.004407048691064119,
            0.0183299221098423
        ],
        [
            -0.0587732307612896,
            -0.008676919154822826,
            -0.008482839912176132
        ],
        [
            -0.09011485427618027,
            0.0035353994462639093,
            0.015257912687957287
        ],
        [
            -0.11085810512304306,
            -0.035766929388046265,
            -0.010865874588489532
        ],
        [
            -0.08938787132501602,
            0.008623290807008743,
            -0.00965450145304203
        ],
        [
            -0.09713872522115707,
            0.038803473114967346,
            0.015883510932326317
        ],
        [
            -0.1020844429731369,
            -0.03573697432875633,
            0.01598086953163147
        ],
        [
            -0.055875860154628754,
            0.002669615438207984,
            0.015055649913847446
        ],
        [
            -0.08580241352319717,
            -0.032882630825042725,
            -0.008707046508789062
        ],
        [
            -0.1037212684750557,
            -0.015424443408846855,
            -0.010368899442255497
        ]
    ],
    "radii": [
        0.0332854725420475,
        0.03496752306818962,
        0.029815832152962685,
        0.03166493773460388,
        0.0300833098590374,
        0.026160061359405518,
        0.02628610096871853,
        0.029789697378873825,
        0.031210195273160934,
        0.028283098712563515,
        0.028446167707443237,
        0.030725188553333282,
        0.030035153031349182,
        0.02911333739757538,
        0.03004561737179756,
        0.028046006336808205,
        0.029899895191192627,
        0.029001178219914436,
        0.03243109956383705,
        0.028551222756505013
    ],
    "masses": [
        0.15447306632995605,
        0.17909491062164307,
        0.11102720350027084,
        0.1329917013645172,
        0.11404216289520264,
        0.07499025762081146,
        0.07607940584421158,
        0.11073550581932068,
        0.12734386324882507,
        0.09476970881223679,
        0.09641838818788528,
        0.12149887531995773,
        0.1134953647851944,
        0.10336287319660187,
        0.1136140376329422,
        0.09240632504224777,
        0.11196894198656082,
        0.1021728515625,
        0.14288072288036346,
        0.09749060124158859
    ],
    "mesh_path": "/Users/nn/devenv/MorphIt-1/web/examples/fetch/meshes/gripper_link.STL",
    "num_spheres": 20,
    "per_sphere_mass": false,
    "config": {
        "model": {
            "num_spheres": 20,
            "mesh_path": "/Users/nn/devenv/MorphIt-1/web/examples/fetch/meshes/gripper_link.STL",
            "device": "cpu",
            "initial_radius_variation": 0.1,
            "num_inside_samples": 5000,
            "num_surface_samples": 5000,
            "max_spheres": 25,
            "density": 1000.0,
            "per_sphere_mass": false
        },
        "training": {
            "iterations": 200,
            "verbose_frequency": 50,
            "logging_enabled": false,
            "center_lr": 0.002,
            "radius_lr": 0.005,
            "mass_lr": 0.01,
            "grad_clip_norm": 1.0,
            "coverage_weight": 1500.0,
            "overlap_weight": 0.3,
            "boundary_weight": 1.0,
            "surface_weight": 50.0,
            "containment_weight": 10.0,
            "sqem_weight": 3000.0,
            "mass_weight": 0.0,
            "com_weight": 0.0,
            "inertia_weight": 0.0,
            "flatness_weight": 0.0,
            "hausdorff_weight": 0.0,
            "mesh_containment_weight": 10.0,
            "early_stopping": false,
            "convergence_patience": 50,
            "convergence_threshold": 0.001,
            "density_control_enabled": true,
            "density_control_min_interval": 160,
            "density_control_patience": 1,
            "density_control_grad_threshold": 0.0001,
            "density_control_warmup_steps": 10,
            "density_control_cooling_factor": 0.85,
            "density_control_min_radius_fraction": 0.001
        },
        "visualization": {
            "enabled": false,
            "off_screen": true,
            "save_video": false,
            "video_filename": "sphere_filling.mp4",
            "render_interval": 5,
            "sphere_color": "blue",
            "sphere_opacity": 0.3,
            "mesh_color": "white",
            "mesh_line_width": 1.5,
            "mesh_opacity": 0.8,
            "show_sample_points": true,
            "show_surface_points": true,
            "sample_points_subsample": 100000,
            "surface_points_subsample": 100000,
            "sample_point_color": "red",
            "surface_point_color": "green",
            "point_size": 5,
            "camera_position": [
                1.0,
                1.0,
                1.0
            ],
            "camera_focal_point": [
                0.0,
                0.0,
                0.0
            ],
            "camera_view_up": [
                0.0,
                0.0,
                1.0
            ],
            "camera_azimuth": 80,
            "camera_elevation": 120,
            "camera_roll": 120,
            "camera_zoom": 1.5
        },
        "results_dir": "/Users/nn/devenv/MorphIt-1/web/examples/fetch.spheres/spheres",
        "output_filename": "gripper_link_0.json",
        "random_seed": 0
    }
}