{
    "centers": [
        [
            -0.023621022701263428,
            0.10993188619613647,
            0.006874785292893648
        ],
        [
            0.024764586240053177,
            0.11007966846227646,
            -0.007306810002774
        ],
        [
            0.02460685931146145,
            0.10983258485794067,
            0.006848390679806471
        ],
        [
            0.009888206608593464,
            0.11003988981246948,
            -0.005624276585876942
        ],
        [
            -0.0034267203882336617,
            0.11030532419681549,
            -0.006236858665943146
        ],
        [
            0.01729855313897133,
            0.10962498188018799,
            0.005513461772352457
        ],
        [
            -0.007902826182544231,
            0.10998659580945969,
            0.007697919383645058
        ],
        [
            -0.013015164993703365,
            0.10974998027086258,
            -0.0065274010412395
        ],
        [
            -0.02291422337293625,
            0.1101989671587944,
            -0.0004767357022501528
        ],
        [
            0.009595995768904686,
            0.10998199135065079,
            0.006963533349335194
        ],
        [
            0.02442837692797184,
            0.11010073125362396,
            -0.0017595549579709768
        ],
        [
            0.015233422629535198,
            0.11018056422472,
            -0.006177347153425217
        ],
        [
            0.0008104629814624786,
            0.11018646508455276,
            0.007506176829338074
        ],
        [
            0.002479922492057085,
            0.10987171530723572,
            -0.007446025963872671
        ],
        [
            0.0018129160162061453,
            0.11025691777467728,
            -0.00012876192340627313
        ],
        [
            -0.0074304635636508465,
            0.11030707508325577,
            0.001796759432181716
        ],
        [
            -0.0192729439586401,
            0.11003896594047546,
            0.006707307882606983
        ],
        [
            -0.016626451164484024,
            0.10994718968868256,
            -0.00029138923855498433
        ],
        [
            -0.01593071036040783,
            0.11003164947032928,
            0.00703358743339777
        ],
        [
            -0.023026952520012856,
            0.10993904620409012,
            -0.006767060607671738
        ]
    ],
    "radii": [
        0.008633511140942574,
        0.00848817266523838,
        0.00873386301100254,
        0.009052077308297157,
        0.008846553042531013,
        0.009284181520342827,
        0.008324868977069855,
        0.008543109521269798,
        0.008227387443184853,
        0.00856167171150446,
        0.008691550232470036,
        0.009095138870179653,
        0.008093800395727158,
        0.008142153732478619,
        0.008185489103198051,
        0.0079117426648736,
        0.007895109243690968,
        0.007795980665832758,
        0.00830785557627678,
        0.008650900796055794
    ],
    "masses": [
        0.0026955720968544483,
        0.0025617172941565514,
        0.0027906650211662054,
        0.003106943564489484,
        0.0029000858776271343,
        0.003352119354531169,
        0.0024166894145309925,
        0.002611779607832432,
        0.00233278376981616,
        0.0026288409717381,
        0.0027503015007823706,
        0.003151494776830077,
        0.002220987342298031,
        0.0022610309533774853,
        0.0022973252926021814,
        0.002074460033327341,
        0.002061403589323163,
        0.0019847273360937834,
        0.002401902573183179,
        0.002711893292143941
    ],
    "mesh_path": "/Users/nn/devenv/MorphIt-1/web/examples/fetch/meshes/l_gripper_finger_link.STL",
    "num_spheres": 20,
    "per_sphere_mass": false,
    "config": {
        "model": {
            "num_spheres": 20,
            "mesh_path": "/Users/nn/devenv/MorphIt-1/web/examples/fetch/meshes/l_gripper_finger_link.STL",
            "device": "cpu",
            "initial_radius_variation": 0.1,
            "num_inside_samples": 5000,
            "num_surface_samples": 5000,
            "max_spheres": 25,
            "density": 1000.0,
            "per_sphere_mass": false
        },
        "training": {
            "iterations": 200,
            "verbose_frequency": 50,
            "logging_enabled": false,
            "center_lr": 0.002,
            "radius_lr": 0.005,
            "mass_lr": 0.01,
            "grad_clip_norm": 1.0,
            "coverage_weight": 1500.0,
            "overlap_weight": 0.3,
            "boundary_weight": 1.0,
            "surface_weight": 50.0,
            "containment_weight": 10.0,
            "sqem_weight": 3000.0,
            "mass_weight": 0.0,
            "com_weight": 0.0,
            "inertia_weight": 0.0,
            "flatness_weight": 0.0,
            "hausdorff_weight": 0.0,
            "mesh_containment_weight": 10.0,
            "early_stopping": false,
            "convergence_patience": 50,
            "convergence_threshold": 0.001,
            "density_control_enabled": true,
            "density_control_min_interval": 160,
            "density_control_patience": 1,
            "density_control_grad_threshold": 0.0001,
            "density_control_warmup_steps": 10,
            "density_control_cooling_factor": 0.85,
            "density_control_min_radius_fraction": 0.001
        },
        "visualization": {
            "enabled": false,
            "off_screen": true,
            "save_video": false,
            "video_filename": "sphere_filling.mp4",
            "render_interval": 5,
            "sphere_color": "blue",
            "sphere_opacity": 0.3,
            "mesh_color": "white",
            "mesh_line_width": 1.5,
            "mesh_opacity": 0.8,
            "show_sample_points": true,
            "show_surface_points": true,
            "sample_points_subsample": 100000,
            "surface_points_subsample": 100000,
            "sample_point_color": "red",
            "surface_point_color": "green",
            "point_size": 5,
            "camera_position": [
                1.0,
                1.0,
                1.0
            ],
            "camera_focal_point": [
                0.0,
                0.0,
                0.0
            ],
            "camera_view_up": [
                0.0,
                0.0,
                1.0
            ],
            "camera_azimuth": 80,
            "camera_elevation": 120,
            "camera_roll": 120,
            "camera_zoom": 1.5
        },
        "results_dir": "/Users/nn/devenv/MorphIt-1/web/examples/fetch.spheres/spheres",
        "output_filename": "l_gripper_finger_link_0.json",
        "random_seed": 0
    }
}