{
    "centers": [
        [
            -0.04157279431819916,
            -0.010160410776734352,
            0.053758133202791214
        ],
        [
            -0.04096481576561928,
            0.00778193399310112,
            0.05428766831755638
        ],
        [
            -0.024305658414959908,
            -0.012902306392788887,
            0.05837705358862877
        ],
        [
            -0.022722434252500534,
            0.013131862506270409,
            0.058463677763938904
        ],
        [
            -0.029447995126247406,
            0.0035284964833408594,
            0.053618960082530975
        ],
        [
            -0.032174088060855865,
            0.013309415429830551,
            0.05315203592181206
        ],
        [
            -0.022514713928103447,
            0.005910436622798443,
            0.05748550221323967
        ],
        [
            -0.04256553575396538,
            0.01152657251805067,
            0.05008845031261444
        ],
        [
            -0.03301670029759407,
            -0.009741129353642464,
            0.0529458224773407
        ],
        [
            -0.02853308618068695,
            -0.005122215952724218,
            0.052350979298353195
        ],
        [
            -0.03070865198969841,
            -0.01404305174946785,
            0.05296982452273369
        ],
        [
            -0.03213725984096527,
            -0.013601304963231087,
            0.05674907565116882
        ],
        [
            -0.033562302589416504,
            0.010411393828690052,
            0.052208054810762405
        ],
        [
            -0.0221534613519907,
            -0.002850656397640705,
            0.058267947286367416
        ],
        [
            -0.028191259130835533,
            -0.005541681312024593,
            0.057150620967149734
        ],
        [
            -0.028438283130526543,
            0.014130678027868271,
            0.056785088032484055
        ],
        [
            -0.036965031176805496,
            0.01058414950966835,
            0.05630609393119812
        ],
        [
            -0.028279760852456093,
            0.0068663377314805984,
            0.05608091875910759
        ],
        [
            -0.04147778078913689,
            0.013023942708969116,
            0.0557718425989151
        ]
    ],
    "radii": [
        0.006299215368926525,
        0.006374265532940626,
        0.006906631402671337,
        0.006185134407132864,
        0.007749020587652922,
        0.006386836525052786,
        0.006148925982415676,
        0.005149542354047298,
        0.006520489230751991,
        0.006291997153311968,
        0.005879363510757685,
        0.006303369998931885,
        0.006536002736538649,
        0.006419636309146881,
        0.006554536987096071,
        0.006272550672292709,
        0.005539034027606249,
        0.006308633368462324,
        0.00547701446339488
    ],
    "masses": [
        0.0010470030829310417,
        0.001084873336367309,
        0.001380026456899941,
        0.0009911422384902835,
        0.0019490772392600775,
        0.0010913045844063163,
        0.0009738373337313533,
        0.0005719979526475072,
        0.0011612590169534087,
        0.0010434079449623823,
        0.0008512938511557877,
        0.001049076090566814,
        0.0011695674620568752,
        0.0011082043638452888,
        0.00117954530287534,
        0.001033763401210308,
        0.0007118536159396172,
        0.0010517062619328499,
        0.0006882088491693139
    ],
    "mesh_path": "/Users/nn/devenv/MorphIt-1/web/examples/fetch/meshes/laser_link.STL",
    "num_spheres": 19,
    "per_sphere_mass": false,
    "config": {
        "model": {
            "num_spheres": 20,
            "mesh_path": "/Users/nn/devenv/MorphIt-1/web/examples/fetch/meshes/laser_link.STL",
            "device": "cpu",
            "initial_radius_variation": 0.1,
            "num_inside_samples": 5000,
            "num_surface_samples": 5000,
            "max_spheres": 25,
            "density": 1000.0,
            "per_sphere_mass": false
        },
        "training": {
            "iterations": 200,
            "verbose_frequency": 50,
            "logging_enabled": false,
            "center_lr": 0.002,
            "radius_lr": 0.005,
            "mass_lr": 0.01,
            "grad_clip_norm": 1.0,
            "coverage_weight": 1500.0,
            "overlap_weight": 0.3,
            "boundary_weight": 1.0,
            "surface_weight": 50.0,
            "containment_weight": 10.0,
            "sqem_weight": 3000.0,
            "mass_weight": 0.0,
            "com_weight": 0.0,
            "inertia_weight": 0.0,
            "flatness_weight": 0.0,
            "hausdorff_weight": 0.0,
            "mesh_containment_weight": 10.0,
            "early_stopping": false,
            "convergence_patience": 50,
            "convergence_threshold": 0.001,
            "density_control_enabled": true,
            "density_control_min_interval": 160,
            "density_control_patience": 1,
            "density_control_grad_threshold": 0.0001,
            "density_control_warmup_steps": 10,
            "density_control_cooling_factor": 0.85,
            "density_control_min_radius_fraction": 0.001
        },
        "visualization": {
            "enabled": false,
            "off_screen": true,
            "save_video": false,
            "video_filename": "sphere_filling.mp4",
            "render_interval": 5,
            "sphere_color": "blue",
            "sphere_opacity": 0.3,
            "mesh_color": "white",
            "mesh_line_width": 1.5,
            "mesh_opacity": 0.8,
            "show_sample_points": true,
            "show_surface_points": true,
            "sample_points_subsample": 100000,
            "surface_points_subsample": 100000,
            "sample_point_color": "red",
            "surface_point_color": "green",
            "point_size": 5,
            "camera_position": [
                1.0,
                1.0,
                1.0
            ],
            "camera_focal_point": [
                0.0,
                0.0,
                0.0
            ],
            "camera_view_up": [
                0.0,
                0.0,
                1.0
            ],
            "camera_azimuth": 80,
            "camera_elevation": 120,
            "camera_roll": 120,
            "camera_zoom": 1.5
        },
        "results_dir": "/Users/nn/devenv/MorphIt-1/web/examples/fetch.spheres/spheres",
        "output_filename": "laser_link_0.json",
        "random_seed": 0
    }
}