{
    "centers": [
        [
            -0.011181293055415154,
            0.026709361001849174,
            -0.0034725067671388388
        ],
        [
            0.08329139649868011,
            0.01711398735642433,
            -0.014560689218342304
        ],
        [
            -0.0197937972843647,
            -0.025573207065463066,
            0.009948029182851315
        ],
        [
            0.08430013060569763,
            0.02125881426036358,
            0.011188514530658722
        ],
        [
            0.04194515570998192,
            0.02379486709833145,
            -0.009737762622535229
        ],
        [
            0.025709059089422226,
            0.028941866010427475,
            0.01523476280272007
        ],
        [
            -0.009811414405703545,
            -0.025201091542840004,
            -0.020786864683032036
        ],
        [
            0.0480477400124073,
            -0.0188730638474226,
            0.019096652045845985
        ],
        [
            0.052167244255542755,
            -0.017809385433793068,
            -0.016507042571902275
        ],
        [
            0.09058831632137299,
            -0.01750035397708416,
            -0.020594827830791473
        ],
        [
            0.09262625128030777,
            0.0005881579127162695,
            0.027888186275959015
        ],
        [
            -0.01025695912539959,
            0.040016449987888336,
            0.020948180928826332
        ],
        [
            0.08497531712055206,
            -0.020136617124080658,
            0.012406221590936184
        ],
        [
            0.004539549816399813,
            -0.022039925679564476,
            0.02027261257171631
        ],
        [
            0.05331598222255707,
            0.022289425134658813,
            0.013423661701381207
        ],
        [
            0.005691357888281345,
            0.03612295165657997,
            -0.021332494914531708
        ],
        [
            -0.007203750777989626,
            0.007815361954271793,
            0.014395246282219887
        ],
        [
            0.022109083831310272,
            -0.016901738941669464,
            -0.015297958627343178
        ],
        [
            0.023209363222122192,
            -0.019115475937724113,
            -0.020055770874023438
        ],
        [
            0.07130932807922363,
            -0.01797562837600708,
            -0.015608926303684711
        ]
    ],
    "radii": [
        0.047605689615011215,
        0.041011497378349304,
        0.03746480122208595,
        0.038594119250774384,
        0.04547349736094475,
        0.04263303056359291,
        0.037943121045827866,
        0.03865915164351463,
        0.03869050368666649,
        0.033038120716810226,
        0.030422290787100792,
        0.033760156482458115,
        0.03855094313621521,
        0.03843905031681061,
        0.04163145273923874,
        0.03800557553768158,
        0.0380878709256649,
        0.03816290572285652,
        0.03888638690114021,
        0.037200428545475006
    ],
    "masses": [
        0.45192378759384155,
        0.2889385223388672,
        0.22027181088924408,
        0.2407975047826767,
        0.393879771232605,
        0.32458409667015076,
        0.22881671786308289,
        0.24201682209968567,
        0.24260611832141876,
        0.15105481445789337,
        0.11794087290763855,
        0.16117657721042633,
        0.2399902492761612,
        0.23790663480758667,
        0.30224093794822693,
        0.2299484759569168,
        0.23144547641277313,
        0.23281604051589966,
        0.24630962312221527,
        0.2156415432691574
    ],
    "mesh_path": "/Users/nn/devenv/MorphIt-1/web/examples/fetch/meshes/wrist_flex_link_collision.STL",
    "num_spheres": 20,
    "per_sphere_mass": false,
    "config": {
        "model": {
            "num_spheres": 20,
            "mesh_path": "/Users/nn/devenv/MorphIt-1/web/examples/fetch/meshes/wrist_flex_link_collision.STL",
            "device": "cpu",
            "initial_radius_variation": 0.1,
            "num_inside_samples": 5000,
            "num_surface_samples": 5000,
            "max_spheres": 25,
            "density": 1000.0,
            "per_sphere_mass": false
        },
        "training": {
            "iterations": 200,
            "verbose_frequency": 50,
            "logging_enabled": false,
            "center_lr": 0.002,
            "radius_lr": 0.005,
            "mass_lr": 0.01,
            "grad_clip_norm": 1.0,
            "coverage_weight": 1500.0,
            "overlap_weight": 0.3,
            "boundary_weight": 1.0,
            "surface_weight": 50.0,
            "containment_weight": 10.0,
            "sqem_weight": 3000.0,
            "mass_weight": 0.0,
            "com_weight": 0.0,
            "inertia_weight": 0.0,
            "flatness_weight": 0.0,
            "hausdorff_weight": 0.0,
            "mesh_containment_weight": 10.0,
            "early_stopping": false,
            "convergence_patience": 50,
            "convergence_threshold": 0.001,
            "density_control_enabled": true,
            "density_control_min_interval": 160,
            "density_control_patience": 1,
            "density_control_grad_threshold": 0.0001,
            "density_control_warmup_steps": 10,
            "density_control_cooling_factor": 0.85,
            "density_control_min_radius_fraction": 0.001
        },
        "visualization": {
            "enabled": false,
            "off_screen": true,
            "save_video": false,
            "video_filename": "sphere_filling.mp4",
            "render_interval": 5,
            "sphere_color": "blue",
            "sphere_opacity": 0.3,
            "mesh_color": "white",
            "mesh_line_width": 1.5,
            "mesh_opacity": 0.8,
            "show_sample_points": true,
            "show_surface_points": true,
            "sample_points_subsample": 100000,
            "surface_points_subsample": 100000,
            "sample_point_color": "red",
            "surface_point_color": "green",
            "point_size": 5,
            "camera_position": [
                1.0,
                1.0,
                1.0
            ],
            "camera_focal_point": [
                0.0,
                0.0,
                0.0
            ],
            "camera_view_up": [
                0.0,
                0.0,
                1.0
            ],
            "camera_azimuth": 80,
            "camera_elevation": 120,
            "camera_roll": 120,
            "camera_zoom": 1.5
        },
        "results_dir": "/Users/nn/devenv/MorphIt-1/web/examples/fetch.spheres/spheres",
        "output_filename": "wrist_flex_link_0.json",
        "random_seed": 0
    }
}