{
    "centers": [
        [
            0.08428283780813217,
            -0.0243754293769598,
            -0.013410707004368305
        ],
        [
            0.029704848304390907,
            0.025280864909291267,
            0.006529957987368107
        ],
        [
            -0.008059712126851082,
            0.010067140683531761,
            0.010315511375665665
        ],
        [
            0.055230531841516495,
            -0.019936656579375267,
            0.020421642810106277
        ],
        [
            0.10294084995985031,
            -0.024813834577798843,
            -0.0013079819036647677
        ],
        [
            0.037731193006038666,
            -0.025178756564855576,
            -0.009328991174697876
        ],
        [
            0.019099624827504158,
            -0.0076837679371237755,
            0.01859224960207939
        ],
        [
            0.087522491812706,
            0.011961275711655617,
            0.0006042943568900228
        ],
        [
            0.08643478900194168,
            0.04042375460267067,
            -0.0004962898674421012
        ],
        [
            -0.008801230229437351,
            -0.00842894334346056,
            0.01187155395746231
        ],
        [
            0.04314431920647621,
            0.022404374554753304,
            0.012663053348660469
        ],
        [
            0.0677553042769432,
            0.046447791159152985,
            -0.0012778781820088625
        ],
        [
            0.008623713627457619,
            -0.018597565591335297,
            0.0032123590353876352
        ],
        [
            0.06300035864114761,
            0.005887533072382212,
            -0.0032961908727884293
        ],
        [
            0.07261138409376144,
            0.01487674843519926,
            0.011986915953457355
        ],
        [
            0.0893966481089592,
            -0.02439967729151249,
            0.015605431981384754
        ],
        [
            0.0633964017033577,
            0.0035302999895066023,
            0.01554771140217781
        ],
        [
            0.009862192906439304,
            0.012305877171456814,
            0.019501643255352974
        ],
        [
            0.01766267418861389,
            0.019854683429002762,
            0.01219114102423191
        ],
        [
            0.07094743102788925,
            0.04555300250649452,
            0.009988346137106419
        ]
    ],
    "radii": [
        0.03768773004412651,
        0.042949143797159195,
        0.040224917232990265,
        0.03585582599043846,
        0.03504851832985878,
        0.029329342767596245,
        0.04178877919912338,
        0.04539411887526512,
        0.043160852044820786,
        0.04034021869301796,
        0.043041061609983444,
        0.03909684345126152,
        0.03464772552251816,
        0.03784675896167755,
        0.036072470247745514,
        0.034036312252283096,
        0.03517265245318413,
        0.03854234144091606,
        0.034516386687755585,
        0.03689851984381676
    ],
    "masses": [
        0.22422730922698975,
        0.3318578600883484,
        0.2726302444934845,
        0.19309356808662415,
        0.18034228682518005,
        0.1056806743144989,
        0.30568042397499084,
        0.39182066917419434,
        0.3367895483970642,
        0.27498140931129456,
        0.3339931070804596,
        0.25033047795295715,
        0.17422592639923096,
        0.22707779705524445,
        0.1966148167848587,
        0.1651642620563507,
        0.1822652816772461,
        0.2398296594619751,
        0.1722521036863327,
        0.21043378114700317
    ],
    "mesh_path": "/Users/nn/devenv/MorphIt-1/web/examples/franka_panda/meshes/collision/link6.stl",
    "num_spheres": 20,
    "per_sphere_mass": false,
    "config": {
        "model": {
            "num_spheres": 20,
            "mesh_path": "/Users/nn/devenv/MorphIt-1/web/examples/franka_panda/meshes/collision/link6.stl",
            "device": "cpu",
            "initial_radius_variation": 0.1,
            "num_inside_samples": 5000,
            "num_surface_samples": 5000,
            "max_spheres": 25,
            "density": 1000.0,
            "per_sphere_mass": false
        },
        "training": {
            "iterations": 200,
            "verbose_frequency": 50,
            "logging_enabled": false,
            "center_lr": 0.002,
            "radius_lr": 0.005,
            "mass_lr": 0.01,
            "grad_clip_norm": 1.0,
            "coverage_weight": 1500.0,
            "overlap_weight": 0.3,
            "boundary_weight": 1.0,
            "surface_weight": 50.0,
            "containment_weight": 10.0,
            "sqem_weight": 3000.0,
            "mass_weight": 0.0,
            "com_weight": 0.0,
            "inertia_weight": 0.0,
            "flatness_weight": 0.0,
            "hausdorff_weight": 0.0,
            "mesh_containment_weight": 10.0,
            "early_stopping": false,
            "convergence_patience": 50,
            "convergence_threshold": 0.001,
            "density_control_enabled": true,
            "density_control_min_interval": 160,
            "density_control_patience": 1,
            "density_control_grad_threshold": 0.0001,
            "density_control_warmup_steps": 10,
            "density_control_cooling_factor": 0.85,
            "density_control_min_radius_fraction": 0.001
        },
        "visualization": {
            "enabled": false,
            "off_screen": true,
            "save_video": false,
            "video_filename": "sphere_filling.mp4",
            "render_interval": 5,
            "sphere_color": "blue",
            "sphere_opacity": 0.3,
            "mesh_color": "white",
            "mesh_line_width": 1.5,
            "mesh_opacity": 0.8,
            "show_sample_points": true,
            "show_surface_points": true,
            "sample_points_subsample": 100000,
            "surface_points_subsample": 100000,
            "sample_point_color": "red",
            "surface_point_color": "green",
            "point_size": 5,
            "camera_position": [
                1.0,
                1.0,
                1.0
            ],
            "camera_focal_point": [
                0.0,
                0.0,
                0.0
            ],
            "camera_view_up": [
                0.0,
                0.0,
                1.0
            ],
            "camera_azimuth": 80,
            "camera_elevation": 120,
            "camera_roll": 120,
            "camera_zoom": 1.5
        },
        "results_dir": "/Users/nn/devenv/MorphIt-1/web/examples/panda.spheres/spheres",
        "output_filename": "panda_link6_0.json",
        "random_seed": 0
    }
}