{
    "centers": [
        [
            0.0033635287545621395,
            0.000979468459263444,
            -0.06041416898369789
        ],
        [
            -0.010364951565861702,
            -0.019043484702706337,
            -0.09402333945035934
        ],
        [
            0.02344273030757904,
            0.02552301250398159,
            -0.07437202334403992
        ],
        [
            0.081717349588871,
            0.028323467820882797,
            0.009786595590412617
        ],
        [
            0.03951026126742363,
            0.01592600904405117,
            -0.02276996709406376
        ],
        [
            -0.02103128284215927,
            0.012705454602837563,
            -0.09340964257717133
        ],
        [
            0.055451035499572754,
            0.00827307440340519,
            -0.059126079082489014
        ],
        [
            0.03169452026486397,
            -0.009762435220181942,
            -0.0888412669301033
        ],
        [
            0.09861595183610916,
            0.02367996796965599,
            0.0018829895416274667
        ],
        [
            0.08183510601520538,
            0.058841053396463394,
            -0.0007514606695622206
        ],
        [
            0.08984211832284927,
            0.0163132194429636,
            -0.023838210850954056
        ],
        [
            0.05555106699466705,
            0.0436275415122509,
            -0.03871948644518852
        ],
        [
            0.06843279302120209,
            0.058864012360572815,
            -0.029241006821393967
        ],
        [
            0.016137296333909035,
            0.0014898760709911585,
            -0.03486540541052818
        ],
        [
            0.09215033799409866,
            0.03411921486258507,
            -0.007165407761931419
        ],
        [
            0.0543668232858181,
            0.01602897234261036,
            -0.0005740417982451618
        ],
        [
            0.03381742164492607,
            0.03713786229491234,
            -0.03624323382973671
        ],
        [
            0.033335521817207336,
            0.002079861471429467,
            -0.0535382442176342
        ],
        [
            0.050618771463632584,
            0.04930674284696579,
            -0.011768108233809471
        ],
        [
            0.009251744486391544,
            0.015355934388935566,
            -0.04108241945505142
        ]
    ],
    "radii": [
        0.052769266068935394,
        0.0392739400267601,
        0.050664596259593964,
        0.04809108003973961,
        0.049726102501153946,
        0.03674302250146866,
        0.043877653777599335,
        0.03872687369585037,
        0.04213075339794159,
        0.054824020713567734,
        0.037783969193696976,
        0.05075542628765106,
        0.0409967266023159,
        0.041814401745796204,
        0.0421452634036541,
        0.04104530066251755,
        0.046612128615379333,
        0.04110841825604439,
        0.043740175664424896,
        0.041315317153930664
    ],
    "masses": [
        0.6155052185058594,
        0.2537476420402527,
        0.5447564125061035,
        0.46588870882987976,
        0.5150409936904907,
        0.2077845335006714,
        0.3538496792316437,
        0.24329093098640442,
        0.3132465183734894,
        0.6902417540550232,
        0.2259494662284851,
        0.5476915240287781,
        0.28862643241882324,
        0.30624306201934814,
        0.3135702908039093,
        0.28965359926223755,
        0.4242143929004669,
        0.2909919023513794,
        0.35053399205207825,
        0.2954077422618866
    ],
    "mesh_path": "/Users/nn/devenv/MorphIt-1/web/examples/franka_panda/meshes/collision/link3.stl",
    "num_spheres": 20,
    "per_sphere_mass": false,
    "config": {
        "model": {
            "num_spheres": 20,
            "mesh_path": "/Users/nn/devenv/MorphIt-1/web/examples/franka_panda/meshes/collision/link3.stl",
            "device": "cpu",
            "initial_radius_variation": 0.1,
            "num_inside_samples": 5000,
            "num_surface_samples": 5000,
            "max_spheres": 25,
            "density": 1000.0,
            "per_sphere_mass": false
        },
        "training": {
            "iterations": 200,
            "verbose_frequency": 50,
            "logging_enabled": false,
            "center_lr": 0.002,
            "radius_lr": 0.005,
            "mass_lr": 0.01,
            "grad_clip_norm": 1.0,
            "coverage_weight": 1500.0,
            "overlap_weight": 0.3,
            "boundary_weight": 1.0,
            "surface_weight": 50.0,
            "containment_weight": 10.0,
            "sqem_weight": 3000.0,
            "mass_weight": 0.0,
            "com_weight": 0.0,
            "inertia_weight": 0.0,
            "flatness_weight": 0.0,
            "hausdorff_weight": 0.0,
            "mesh_containment_weight": 10.0,
            "early_stopping": false,
            "convergence_patience": 50,
            "convergence_threshold": 0.001,
            "density_control_enabled": true,
            "density_control_min_interval": 160,
            "density_control_patience": 1,
            "density_control_grad_threshold": 0.0001,
            "density_control_warmup_steps": 10,
            "density_control_cooling_factor": 0.85,
            "density_control_min_radius_fraction": 0.001
        },
        "visualization": {
            "enabled": false,
            "off_screen": true,
            "save_video": false,
            "video_filename": "sphere_filling.mp4",
            "render_interval": 5,
            "sphere_color": "blue",
            "sphere_opacity": 0.3,
            "mesh_color": "white",
            "mesh_line_width": 1.5,
            "mesh_opacity": 0.8,
            "show_sample_points": true,
            "show_surface_points": true,
            "sample_points_subsample": 100000,
            "surface_points_subsample": 100000,
            "sample_point_color": "red",
            "surface_point_color": "green",
            "point_size": 5,
            "camera_position": [
                1.0,
                1.0,
                1.0
            ],
            "camera_focal_point": [
                0.0,
                0.0,
                0.0
            ],
            "camera_view_up": [
                0.0,
                0.0,
                1.0
            ],
            "camera_azimuth": 80,
            "camera_elevation": 120,
            "camera_roll": 120,
            "camera_zoom": 1.5
        },
        "results_dir": "/Users/nn/devenv/MorphIt-1/web/examples/panda.spheres/spheres",
        "output_filename": "panda_link3_0.json",
        "random_seed": 0
    }
}