{
    "centers": [
        [
            -0.1117982566356659,
            0.032504383474588394,
            0.022544078528881073
        ],
        [
            -0.01617588847875595,
            -0.0016760315047577024,
            0.07265541702508926
        ],
        [
            0.023058930411934853,
            0.01328627672046423,
            0.0362200103700161
        ],
        [
            -0.008735381066799164,
            -0.056779809296131134,
            0.026696765795350075
        ],
        [
            -0.11583725363016129,
            -0.03317704796791077,
            0.022510599344968796
        ],
        [
            -0.005798368714749813,
            0.04841923341155052,
            0.03172726929187775
        ],
        [
            -0.06519831717014313,
            -0.049153685569763184,
            0.031698986887931824
        ],
        [
            -0.058165498077869415,
            0.05898405238986015,
            0.018316198140382767
        ],
        [
            -0.07278349995613098,
            -0.011398361064493656,
            0.047760363668203354
        ],
        [
            0.017293065786361694,
            -0.008150813169777393,
            0.10308894515037537
        ],
        [
            0.01336687058210373,
            0.01359394658356905,
            0.10340557992458344
        ],
        [
            -0.005237508099526167,
            0.020120739936828613,
            0.09785100072622299
        ],
        [
            -0.07238365709781647,
            0.0219663605093956,
            0.05694698914885521
        ],
        [
            0.017204128205776215,
            0.020372064784169197,
            0.07108896970748901
        ],
        [
            -0.04048658907413483,
            -0.01664004661142826,
            0.03748666122555733
        ],
        [
            0.0299663282930851,
            -0.02259160950779915,
            0.027847034856677055
        ],
        [
            -0.056719109416007996,
            0.02722748927772045,
            0.04381655156612396
        ],
        [
            -0.03105461411178112,
            0.017016159370541573,
            0.038506872951984406
        ],
        [
            0.02558899112045765,
            -0.006521966774016619,
            0.06778933852910995
        ],
        [
            -0.05052035301923752,
            0.024311523884534836,
            0.07480882853269577
        ]
    ],
    "radii": [
        0.03913430497050285,
        0.0763525664806366,
        0.048607394099235535,
        0.03837932273745537,
        0.03661075606942177,
        0.044904425740242004,
        0.04019692540168762,
        0.030287962406873703,
        0.05261463671922684,
        0.046561840921640396,
        0.044921718537807465,
        0.0507175512611866,
        0.041529230773448944,
        0.038008954375982285,
        0.03844805806875229,
        0.03831503912806511,
        0.045064691454172134,
        0.03989891707897186,
        0.03947330266237259,
        0.038998737931251526
    ],
    "masses": [
        0.2510507106781006,
        1.8644875288009644,
        0.48105597496032715,
        0.23679935932159424,
        0.20554868876934052,
        0.3792765736579895,
        0.2720615267753601,
        0.11638546735048294,
        0.6101102828979492,
        0.4228428900241852,
        0.3797149360179901,
        0.5464664101600647,
        0.3000200390815735,
        0.23000980913639069,
        0.2380739152431488,
        0.2356114685535431,
        0.3833520710468292,
        0.26605528593063354,
        0.2576315402984619,
        0.24845072627067566
    ],
    "mesh_path": "/Users/nn/devenv/MorphIt-1/web/examples/franka_panda/meshes/collision/link0.stl",
    "num_spheres": 20,
    "per_sphere_mass": false,
    "config": {
        "model": {
            "num_spheres": 20,
            "mesh_path": "/Users/nn/devenv/MorphIt-1/web/examples/franka_panda/meshes/collision/link0.stl",
            "device": "cpu",
            "initial_radius_variation": 0.1,
            "num_inside_samples": 5000,
            "num_surface_samples": 5000,
            "max_spheres": 25,
            "density": 1000.0,
            "per_sphere_mass": false
        },
        "training": {
            "iterations": 200,
            "verbose_frequency": 50,
            "logging_enabled": false,
            "center_lr": 0.002,
            "radius_lr": 0.005,
            "mass_lr": 0.01,
            "grad_clip_norm": 1.0,
            "coverage_weight": 1500.0,
            "overlap_weight": 0.3,
            "boundary_weight": 1.0,
            "surface_weight": 50.0,
            "containment_weight": 10.0,
            "sqem_weight": 3000.0,
            "mass_weight": 0.0,
            "com_weight": 0.0,
            "inertia_weight": 0.0,
            "flatness_weight": 0.0,
            "hausdorff_weight": 0.0,
            "mesh_containment_weight": 10.0,
            "early_stopping": false,
            "convergence_patience": 50,
            "convergence_threshold": 0.001,
            "density_control_enabled": true,
            "density_control_min_interval": 160,
            "density_control_patience": 1,
            "density_control_grad_threshold": 0.0001,
            "density_control_warmup_steps": 10,
            "density_control_cooling_factor": 0.85,
            "density_control_min_radius_fraction": 0.001
        },
        "visualization": {
            "enabled": false,
            "off_screen": true,
            "save_video": false,
            "video_filename": "sphere_filling.mp4",
            "render_interval": 5,
            "sphere_color": "blue",
            "sphere_opacity": 0.3,
            "mesh_color": "white",
            "mesh_line_width": 1.5,
            "mesh_opacity": 0.8,
            "show_sample_points": true,
            "show_surface_points": true,
            "sample_points_subsample": 100000,
            "surface_points_subsample": 100000,
            "sample_point_color": "red",
            "surface_point_color": "green",
            "point_size": 5,
            "camera_position": [
                1.0,
                1.0,
                1.0
            ],
            "camera_focal_point": [
                0.0,
                0.0,
                0.0
            ],
            "camera_view_up": [
                0.0,
                0.0,
                1.0
            ],
            "camera_azimuth": 80,
            "camera_elevation": 120,
            "camera_roll": 120,
            "camera_zoom": 1.5
        },
        "results_dir": "/Users/nn/devenv/MorphIt-1/web/examples/panda.spheres/spheres",
        "output_filename": "panda_link0_0.json",
        "random_seed": 0
    }
}