{
    "centers": [
        [
            0.05762184411287308,
            0.037415068596601486,
            0.08440902829170227
        ],
        [
            0.01808968372642994,
            0.03723426163196564,
            0.07969773560762405
        ],
        [
            0.03899473696947098,
            0.059752337634563446,
            0.08443506807088852
        ],
        [
            -0.017530124634504318,
            -0.0208270326256752,
            0.07183092832565308
        ],
        [
            0.009596054442226887,
            -0.023956531658768654,
            0.06972147524356842
        ],
        [
            -0.01902523823082447,
            0.002860926790162921,
            0.08124437183141708
        ],
        [
            0.00017395836766809225,
            -0.017999526113271713,
            0.0821460410952568
        ],
        [
            -0.008886763826012611,
            0.028720833361148834,
            0.06695979088544846
        ],
        [
            -0.02650339901447296,
            0.0070464410819113255,
            0.0684102475643158
        ],
        [
            0.028546428307890892,
            -0.00811207015067339,
            0.06698106229305267
        ],
        [
            0.04213837534189224,
            0.021556980907917023,
            0.08120059967041016
        ],
        [
            0.034107107669115067,
            0.011282999999821186,
            0.07392990589141846
        ],
        [
            0.0328347273170948,
            0.003717157756909728,
            0.08548124879598618
        ],
        [
            -0.01918637566268444,
            -0.019376741722226143,
            0.08256804198026657
        ],
        [
            0.015227400697767735,
            0.014854541048407555,
            0.07316199690103531
        ],
        [
            0.020531227812170982,
            0.013449551537632942,
            0.08632819354534149
        ],
        [
            0.0023323758505284786,
            0.0027015353552997112,
            0.07177575677633286
        ],
        [
            -0.006449801381677389,
            0.024078398942947388,
            0.08620354533195496
        ],
        [
            0.0048340363427996635,
            0.0061490703374147415,
            0.08558507263660431
        ],
        [
            0.018166247755289078,
            -0.016005488112568855,
            0.08688103407621384
        ]
    ],
    "radii": [
        0.021091105416417122,
        0.028919605538249016,
        0.019716141745448112,
        0.02530808374285698,
        0.0235024131834507,
        0.029073281213641167,
        0.028143243864178658,
        0.02091536484658718,
        0.022331368178129196,
        0.01968899555504322,
        0.02518068626523018,
        0.02404535561800003,
        0.022233610972762108,
        0.02432495541870594,
        0.022835075855255127,
        0.022311324253678322,
        0.021943150088191032,
        0.02282458171248436,
        0.0220758356153965,
        0.0226068627089262
    ],
    "masses": [
        0.03929946571588516,
        0.10131311416625977,
        0.03210364654660225,
        0.06789947301149368,
        0.054378338158130646,
        0.10293681919574738,
        0.09337079524993896,
        0.038325242698192596,
        0.046648167073726654,
        0.031971223652362823,
        0.06687923520803452,
        0.05823475122451782,
        0.04603822901844978,
        0.06028992682695389,
        0.04987650364637375,
        0.04652266576886177,
        0.04425736144185066,
        0.04980776831507683,
        0.04506506770849228,
        0.04839600250124931
    ],
    "mesh_path": "/Users/nn/devenv/MorphIt-1/web/examples/franka_panda/meshes/collision/link7.stl",
    "num_spheres": 20,
    "per_sphere_mass": false,
    "config": {
        "model": {
            "num_spheres": 20,
            "mesh_path": "/Users/nn/devenv/MorphIt-1/web/examples/franka_panda/meshes/collision/link7.stl",
            "device": "cpu",
            "initial_radius_variation": 0.1,
            "num_inside_samples": 5000,
            "num_surface_samples": 5000,
            "max_spheres": 25,
            "density": 1000.0,
            "per_sphere_mass": false
        },
        "training": {
            "iterations": 200,
            "verbose_frequency": 50,
            "logging_enabled": false,
            "center_lr": 0.002,
            "radius_lr": 0.005,
            "mass_lr": 0.01,
            "grad_clip_norm": 1.0,
            "coverage_weight": 1500.0,
            "overlap_weight": 0.3,
            "boundary_weight": 1.0,
            "surface_weight": 50.0,
            "containment_weight": 10.0,
            "sqem_weight": 3000.0,
            "mass_weight": 0.0,
            "com_weight": 0.0,
            "inertia_weight": 0.0,
            "flatness_weight": 0.0,
            "hausdorff_weight": 0.0,
            "mesh_containment_weight": 10.0,
            "early_stopping": false,
            "convergence_patience": 50,
            "convergence_threshold": 0.001,
            "density_control_enabled": true,
            "density_control_min_interval": 160,
            "density_control_patience": 1,
            "density_control_grad_threshold": 0.0001,
            "density_control_warmup_steps": 10,
            "density_control_cooling_factor": 0.85,
            "density_control_min_radius_fraction": 0.001
        },
        "visualization": {
            "enabled": false,
            "off_screen": true,
            "save_video": false,
            "video_filename": "sphere_filling.mp4",
            "render_interval": 5,
            "sphere_color": "blue",
            "sphere_opacity": 0.3,
            "mesh_color": "white",
            "mesh_line_width": 1.5,
            "mesh_opacity": 0.8,
            "show_sample_points": true,
            "show_surface_points": true,
            "sample_points_subsample": 100000,
            "surface_points_subsample": 100000,
            "sample_point_color": "red",
            "surface_point_color": "green",
            "point_size": 5,
            "camera_position": [
                1.0,
                1.0,
                1.0
            ],
            "camera_focal_point": [
                0.0,
                0.0,
                0.0
            ],
            "camera_view_up": [
                0.0,
                0.0,
                1.0
            ],
            "camera_azimuth": 80,
            "camera_elevation": 120,
            "camera_roll": 120,
            "camera_zoom": 1.5
        },
        "results_dir": "/Users/nn/devenv/MorphIt-1/web/examples/panda.spheres/spheres",
        "output_filename": "panda_link7_0.json",
        "random_seed": 0
    }
}