{
    "centers": [
        [
            -0.07966935634613037,
            0.05936850607395172,
            0.0009157229214906693
        ],
        [
            -0.07447823882102966,
            0.09421520680189133,
            -0.020446179434657097
        ],
        [
            -0.0005902047851122916,
            0.0008780856151133776,
            0.05937289446592331
        ],
        [
            -0.05358390510082245,
            0.07932461053133011,
            0.004410959780216217
        ],
        [
            -0.0450744554400444,
            0.05491418018937111,
            0.02755347266793251
        ],
        [
            0.014445827342569828,
            -0.0070124040357768536,
            0.02633710205554962
        ],
        [
            -0.07378292828798294,
            0.08970897644758224,
            0.0284125916659832
        ],
        [
            -0.10438083857297897,
            0.09495829045772552,
            0.010412336327135563
        ],
        [
            -0.057011839002370834,
            0.03849615156650543,
            0.011862291023135185
        ],
        [
            -0.01586359366774559,
            -0.010005198419094086,
            0.020457226783037186
        ],
        [
            -0.01815670169889927,
            0.04992736876010895,
            0.010371389798820019
        ],
        [
            0.0009091139654628932,
            -0.015813488513231277,
            0.024828700348734856
        ],
        [
            -0.036626819521188736,
            0.014291753992438316,
            0.04475803300738335
        ],
        [
            -0.07397620379924774,
            0.039965398609638214,
            0.0165104977786541
        ],
        [
            -0.021121500059962273,
            0.03461528569459915,
            0.05076882615685463
        ],
        [
            -0.035710226744413376,
            0.007754960097372532,
            0.012281903997063637
        ],
        [
            -0.052705299109220505,
            0.06731659173965454,
            0.008686846122145653
        ],
        [
            -0.09745528548955917,
            0.09662337601184845,
            -0.014633577316999435
        ],
        [
            0.009266975335776806,
            0.01827545464038849,
            0.02087809517979622
        ],
        [
            -0.016876891255378723,
            -0.0017034917837008834,
            0.06616228818893433
        ]
    ],
    "radii": [
        0.05169959366321564,
        0.038171958178281784,
        0.0550747811794281,
        0.0514632873237133,
        0.057129546999931335,
        0.04237436130642891,
        0.041656043380498886,
        0.03680700063705444,
        0.05291302502155304,
        0.04048167169094086,
        0.04316400736570358,
        0.0411195307970047,
        0.042125243693590164,
        0.039652787148952484,
        0.046866025775671005,
        0.04106347635388374,
        0.03875911980867386,
        0.03661690652370453,
        0.04120783507823944,
        0.039831943809986115
    ],
    "masses": [
        0.5788286328315735,
        0.23298174142837524,
        0.6997565031051636,
        0.5709277987480164,
        0.7810357809066772,
        0.3187117874622345,
        0.3027768135070801,
        0.20887182652950287,
        0.6205493807792664,
        0.27788424491882324,
        0.3368634283542633,
        0.29122793674468994,
        0.3131236732006073,
        0.2611618638038635,
        0.431184321641922,
        0.2900385558605194,
        0.2438991665840149,
        0.20565229654312134,
        0.2931082248687744,
        0.26471778750419617
    ],
    "mesh_path": "/Users/nn/devenv/MorphIt-1/web/examples/franka_panda/meshes/collision/link4.stl",
    "num_spheres": 20,
    "per_sphere_mass": false,
    "config": {
        "model": {
            "num_spheres": 20,
            "mesh_path": "/Users/nn/devenv/MorphIt-1/web/examples/franka_panda/meshes/collision/link4.stl",
            "device": "cpu",
            "initial_radius_variation": 0.1,
            "num_inside_samples": 5000,
            "num_surface_samples": 5000,
            "max_spheres": 25,
            "density": 1000.0,
            "per_sphere_mass": false
        },
        "training": {
            "iterations": 200,
            "verbose_frequency": 50,
            "logging_enabled": false,
            "center_lr": 0.002,
            "radius_lr": 0.005,
            "mass_lr": 0.01,
            "grad_clip_norm": 1.0,
            "coverage_weight": 1500.0,
            "overlap_weight": 0.3,
            "boundary_weight": 1.0,
            "surface_weight": 50.0,
            "containment_weight": 10.0,
            "sqem_weight": 3000.0,
            "mass_weight": 0.0,
            "com_weight": 0.0,
            "inertia_weight": 0.0,
            "flatness_weight": 0.0,
            "hausdorff_weight": 0.0,
            "mesh_containment_weight": 10.0,
            "early_stopping": false,
            "convergence_patience": 50,
            "convergence_threshold": 0.001,
            "density_control_enabled": true,
            "density_control_min_interval": 160,
            "density_control_patience": 1,
            "density_control_grad_threshold": 0.0001,
            "density_control_warmup_steps": 10,
            "density_control_cooling_factor": 0.85,
            "density_control_min_radius_fraction": 0.001
        },
        "visualization": {
            "enabled": false,
            "off_screen": true,
            "save_video": false,
            "video_filename": "sphere_filling.mp4",
            "render_interval": 5,
            "sphere_color": "blue",
            "sphere_opacity": 0.3,
            "mesh_color": "white",
            "mesh_line_width": 1.5,
            "mesh_opacity": 0.8,
            "show_sample_points": true,
            "show_surface_points": true,
            "sample_points_subsample": 100000,
            "surface_points_subsample": 100000,
            "sample_point_color": "red",
            "surface_point_color": "green",
            "point_size": 5,
            "camera_position": [
                1.0,
                1.0,
                1.0
            ],
            "camera_focal_point": [
                0.0,
                0.0,
                0.0
            ],
            "camera_view_up": [
                0.0,
                0.0,
                1.0
            ],
            "camera_azimuth": 80,
            "camera_elevation": 120,
            "camera_roll": 120,
            "camera_zoom": 1.5
        },
        "results_dir": "/Users/nn/devenv/MorphIt-1/web/examples/panda.spheres/spheres",
        "output_filename": "panda_link4_0.json",
        "random_seed": 0
    }
}